ds_name,qid,oracle_alpha,oracle_ndcg
scifact,1,0.0,0.0
scifact,100,0.14,1.0
scifact,1012,0.0,1.0
scifact,1014,0.0,1.0
scifact,1019,0.0,0.6309297535714575
scifact,1020,0.0,0.6309297535714575
scifact,1021,0.0,0.6309297535714575
scifact,1024,0.26,1.0
scifact,1029,0.0,0.8886164761813452
scifact,1041,0.8200000000000001,0.448643819352159
scifact,1049,0.0,0.43067655807339306
scifact,1062,0.0,1.0
scifact,1086,0.0,1.0
scifact,1088,0.0,1.0
scifact,1089,0.0,1.0
scifact,1099,0.0,0.2890648263178879
scifact,1100,0.0,0.43067655807339306
scifact,1104,0.0,1.0
scifact,1107,0.51,1.0
scifact,1110,0.0,0.21274605355336318
scifact,1121,0.19,1.0
scifact,113,0.0,1.0
scifact,1130,0.0,1.0
scifact,1132,0.0,0.7631539858737962
scifact,1137,0.0,0.6309297535714575
scifact,1140,0.05,1.0
scifact,1144,0.0,1.0
scifact,1146,0.0,1.0
scifact,115,0.0,1.0
scifact,1150,0.0,1.0
scifact,1163,0.0,1.0
scifact,1175,0.0,0.0
scifact,1179,0.0,0.0
scifact,118,0.0,1.0
scifact,1180,0.0,1.0
scifact,1185,0.0,1.0
scifact,1187,0.5,1.0
scifact,1191,0.0,0.20184908658209985
scifact,1194,0.0,1.0
scifact,1196,0.0,0.5
scifact,1197,0.0,0.5
scifact,1199,0.0,0.0
scifact,1200,0.0,0.23981246656813146
scifact,1202,0.0,1.0
scifact,1204,0.0,1.0
scifact,1207,0.0,1.0
scifact,1213,0.0,0.0
scifact,1216,0.0,1.0
scifact,1221,0.0,1.0
scifact,1225,0.0,1.0
scifact,1226,0.0,0.0
scifact,1232,0.0,1.0
scifact,124,0.0,1.0
scifact,1241,0.0,1.0
scifact,1245,0.0,0.3562071871080222
scifact,1259,0.0,1.0
scifact,1262,0.0,1.0
scifact,1266,0.27,1.0
scifact,127,0.0,1.0
scifact,1270,0.0,1.0
scifact,1271,0.0,1.0
scifact,1272,0.0,0.1905514124267734
scifact,1273,0.0,1.0
scifact,1274,0.41000000000000003,0.9325210919548239
scifact,1278,0.2,0.20184908658209985
scifact,1279,0.08,0.6309297535714575
scifact,128,0.0,0.0
scifact,1280,0.0,0.15442266280111014
scifact,1281,0.0,0.0
scifact,1282,0.0,1.0
scifact,129,0.0,1.0
scifact,1290,0.0,1.0
scifact,1292,0.0,1.0
scifact,1298,0.0,1.0
scifact,13,0.0,0.3333333333333333
scifact,130,0.0,1.0
scifact,1303,0.0,1.0
scifact,1316,0.0,0.1605440854340214
scifact,1319,0.0,1.0
scifact,132,0.9,0.15957141566993818
scifact,1320,0.0,1.0
scifact,133,0.08,0.6931224645798055
scifact,1332,0.0,0.0
scifact,1335,0.51,1.0
scifact,1336,0.51,1.0
scifact,1337,0.27,1.0
scifact,1339,0.0,1.0
scifact,1344,0.0,0.6309297535714575
scifact,1352,0.0,1.0
scifact,1359,0.0,1.0
scifact,1362,0.0,0.0
scifact,1363,0.0,0.0
scifact,1368,0.0,0.5
scifact,137,0.0,1.0
scifact,1370,0.11,0.43067655807339306
scifact,1379,0.0,0.9058653015743079
scifact,1382,0.0,1.0
scifact,1385,0.21,1.0
scifact,1389,0.0,1.0
scifact,1395,0.0,1.0
scifact,141,0.0,0.9197207891481876
scifact,142,0.0,1.0
scifact,143,0.0,1.0
scifact,146,0.0,1.0
scifact,148,0.33,1.0
scifact,163,0.51,1.0
scifact,171,0.0,1.0
scifact,179,0.0,0.9619991470595832
scifact,180,0.0,1.0
scifact,183,0.76,1.0
scifact,185,0.76,1.0
scifact,198,0.0,0.20801459767650948
scifact,208,0.0,1.0
scifact,212,0.0,1.0
scifact,213,0.03,0.38685280723454163
scifact,216,0.0,1.0
scifact,217,0.0,1.0
scifact,218,0.0,1.0
scifact,219,0.0,1.0
scifact,230,0.0,1.0
scifact,232,0.0,1.0
scifact,233,0.0,1.0
scifact,236,0.0,1.0
scifact,237,0.68,0.6309297535714575
scifact,238,0.0,0.5
scifact,239,0.22,1.0
scifact,248,0.0,1.0
scifact,249,0.0,1.0
scifact,261,0.8300000000000001,0.8175295903539445
scifact,268,0.27,1.0
scifact,269,0.52,1.0
scifact,274,0.0,1.0
scifact,275,0.09,0.7495144888820642
scifact,279,0.0,1.0
scifact,294,0.5700000000000001,0.6309297535714575
scifact,295,0.78,1.0
scifact,298,0.0,1.0
scifact,3,0.5,1.0
scifact,300,0.43,0.5
scifact,303,0.88,0.43067655807339306
scifact,312,0.98,0.38685280723454163
scifact,314,0.85,1.0
scifact,324,0.0,0.0
scifact,327,0.0,1.0
scifact,338,0.0,1.0
scifact,343,0.09,1.0
scifact,350,0.0,1.0
scifact,354,0.0,1.0
scifact,36,0.0,0.37169423500952875
scifact,362,0.03,1.0
scifact,380,0.0,1.0
scifact,384,0.47000000000000003,0.227670248696953
scifact,385,0.96,0.6934264036172708
scifact,386,0.0,1.0
scifact,388,0.11,0.6309297535714575
scifact,399,0.0,1.0
scifact,410,0.0,1.0
scifact,411,0.0,1.0
scifact,415,0.35000000000000003,0.3333333333333333
scifact,42,0.0,1.0
scifact,421,0.0,0.27023815442731974
scifact,431,0.0,0.23540891336663824
scifact,436,0.0,1.0
scifact,437,0.0,0.0
scifact,439,0.0,1.0
scifact,440,0.0,1.0
scifact,443,0.0,1.0
scifact,452,0.0,0.36923177405559165
scifact,475,0.21,0.43067655807339306
scifact,478,0.36,0.43067655807339306
scifact,48,0.55,1.0
scifact,49,0.0,1.0
scifact,491,0.0,1.0
scifact,5,0.0,1.0
scifact,50,0.0,1.0
scifact,501,0.06,1.0
scifact,502,0.0,0.0
scifact,507,0.0,0.6309297535714575
scifact,508,0.29,0.26264953503719357
scifact,51,0.0,1.0
scifact,513,0.0,0.6309297535714575
scifact,514,0.0,1.0
scifact,516,0.0,1.0
scifact,517,0.74,0.1810425967800402
scifact,521,0.6,1.0
scifact,525,0.0,1.0
scifact,527,0.05,1.0
scifact,528,0.0,1.0
scifact,53,0.0,1.0
scifact,532,0.0,1.0
scifact,533,0.05,1.0
scifact,535,0.0,0.3010299956639812
scifact,536,0.0,1.0
scifact,539,0.0,1.0
scifact,54,0.0,0.43067655807339306
scifact,540,0.49,0.7317460491501064
scifact,544,0.0,0.3562071871080222
scifact,549,0.09,1.0
scifact,551,0.12,0.6309297535714575
scifact,552,0.0,1.0
scifact,554,0.03,0.6309297535714575
scifact,56,0.0,1.0
scifact,560,0.0,0.0
scifact,569,0.0,1.0
scifact,57,0.0,1.0
scifact,575,0.03,1.0
scifact,577,0.0,0.5
scifact,578,0.0,1.0
scifact,587,0.05,1.0
scifact,589,0.0,1.0
scifact,593,0.0,1.0
scifact,597,0.06,1.0
scifact,598,0.34,0.5
scifact,613,0.0,1.0
scifact,619,0.88,0.6131471927654584
scifact,623,0.0,0.3010299956639812
scifact,628,0.0,1.0
scifact,636,0.0,1.0
scifact,637,0.04,0.43067655807339306
scifact,641,0.0,0.9197207891481876
scifact,644,0.72,1.0
scifact,649,0.04,0.6309297535714575
scifact,659,0.85,0.31546487678572877
scifact,660,0.0,0.0
scifact,674,0.51,1.0
scifact,684,0.27,0.6309297535714575
scifact,690,0.0,1.0
scifact,691,0.0,1.0
scifact,692,0.35000000000000003,0.43067655807339306
scifact,693,0.0,1.0
scifact,70,0.9400000000000001,1.0
scifact,700,0.0,0.6309297535714575
scifact,702,0.0,0.5
scifact,715,0.39,0.43067655807339306
scifact,716,0.0,0.0
scifact,718,0.0,1.0
scifact,72,0.03,1.0
scifact,721,0.0,1.0
scifact,723,0.0,1.0
scifact,727,0.48,0.31546487678572877
scifact,728,0.72,0.8503449055347546
scifact,729,0.03,1.0
scifact,742,0.0,1.0
scifact,743,0.0,1.0
scifact,744,0.51,0.6309297535714575
scifact,75,0.0,1.0
scifact,756,0.0,0.6309297535714575
scifact,759,0.0,1.0
scifact,768,0.0,0.0
scifact,770,0.0,1.0
scifact,775,0.9400000000000001,0.15602106502222501
scifact,781,0.0,1.0
scifact,783,0.0,0.22424382421757544
scifact,784,0.04,1.0
scifact,785,0.62,0.6309297535714575
scifact,793,0.03,1.0
scifact,800,0.0,0.5
scifact,805,0.0,1.0
scifact,808,0.0,1.0
scifact,811,0.0,1.0
scifact,814,0.0,1.0
scifact,820,0.51,0.3562071871080222
scifact,821,0.96,0.26264953503719357
scifact,823,0.0,1.0
scifact,830,0.91,0.27894294565112987
scifact,831,0.65,0.21274605355336318
scifact,832,0.0,1.0
scifact,834,0.97,0.3333333333333333
scifact,837,0.0,1.0
scifact,839,0.21,1.0
scifact,845,0.85,1.0
scifact,847,0.5,1.0
scifact,852,0.14,0.6309297535714575
scifact,859,0.51,1.0
scifact,870,0.0,0.19823986317056053
scifact,873,0.0,0.5857000393474421
scifact,879,0.0,1.0
scifact,880,0.0,1.0
scifact,882,0.0,1.0
scifact,887,0.0,0.0
scifact,903,0.0,1.0
scifact,904,0.0,1.0
scifact,907,0.0,1.0
scifact,911,0.0,1.0
scifact,913,0.0,0.21810429198553155
scifact,914,0.0,0.1965616322328226
scifact,921,0.0,1.0
scifact,922,0.0,1.0
scifact,936,0.0,1.0
scifact,94,0.8,0.3333333333333333
scifact,956,0.03,1.0
scifact,957,0.0,1.0
scifact,960,0.0,1.0
scifact,967,0.0,1.0
scifact,971,0.19,0.7397466333385988
scifact,975,0.0,0.16370565544521565
scifact,982,0.26,1.0
scifact,985,0.0,1.0
scifact,99,0.62,1.0
scifact,993,0.0,1.0
nfcorpus,PLAIN-1008,0.0,0.0
nfcorpus,PLAIN-1018,0.06,0.214668486802358
nfcorpus,PLAIN-102,0.15,0.2908544816520615
nfcorpus,PLAIN-1039,0.0,1.0
nfcorpus,PLAIN-1050,0.56,0.03355513608307137
nfcorpus,PLAIN-1098,0.0,0.14068203760681552
nfcorpus,PLAIN-1109,0.28,0.2503059977699123
nfcorpus,PLAIN-1119,0.0,0.0
nfcorpus,PLAIN-112,0.0,0.40993254136714513
nfcorpus,PLAIN-1130,0.0,1.0
nfcorpus,PLAIN-1151,0.56,0.33077755413828036
nfcorpus,PLAIN-1161,0.0,0.0
nfcorpus,PLAIN-1172,0.0,0.17306939418612421
nfcorpus,PLAIN-1183,0.0,0.2314601109344812
nfcorpus,PLAIN-1193,0.53,0.3177776392202504
nfcorpus,PLAIN-12,0.2,0.3580262188547208
nfcorpus,PLAIN-1203,0.04,0.4069776470103719
nfcorpus,PLAIN-1214,0.0,0.029041021384678272
nfcorpus,PLAIN-1225,0.53,0.5073540936431606
nfcorpus,PLAIN-123,0.11,0.1557872179518359
nfcorpus,PLAIN-1236,0.0,0.3391602052736161
nfcorpus,PLAIN-1249,0.0,0.0
nfcorpus,PLAIN-1262,0.06,0.3647120766687434
nfcorpus,PLAIN-1275,0.16,0.276383730276715
nfcorpus,PLAIN-1288,0.27,0.27706591340740006
nfcorpus,PLAIN-1299,0.38,0.11474362608716737
nfcorpus,PLAIN-1309,0.0,0.0
nfcorpus,PLAIN-1320,0.9400000000000001,0.601312434202259
nfcorpus,PLAIN-133,0.41000000000000003,0.09542705554416187
nfcorpus,PLAIN-1331,0.0,0.0
nfcorpus,PLAIN-1342,0.18,0.4076649237370864
nfcorpus,PLAIN-1353,0.0,0.0
nfcorpus,PLAIN-1363,0.15,0.2857974171337172
nfcorpus,PLAIN-1374,0.99,0.13811304121193485
nfcorpus,PLAIN-1387,0.54,0.7056576269571118
nfcorpus,PLAIN-1398,0.01,0.4769164935332329
nfcorpus,PLAIN-1409,0.0,0.3473971940871715
nfcorpus,PLAIN-1419,0.09,0.21395984027672163
nfcorpus,PLAIN-1429,0.0,0.0
nfcorpus,PLAIN-143,0.11,0.40439200744975384
nfcorpus,PLAIN-1441,0.04,0.3375723633492907
nfcorpus,PLAIN-1453,0.65,0.34114731298833406
nfcorpus,PLAIN-1463,0.65,0.37008497224042664
nfcorpus,PLAIN-1473,0.0,1.0
nfcorpus,PLAIN-1485,0.0,0.04692853939637349
nfcorpus,PLAIN-1496,0.0,0.0
nfcorpus,PLAIN-1506,0.0,0.10764243204553911
nfcorpus,PLAIN-1516,0.0,0.0
nfcorpus,PLAIN-1527,0.43,0.41792522808843124
nfcorpus,PLAIN-153,0.12,0.5660903511323372
nfcorpus,PLAIN-1537,0.0,0.2849288872534655
nfcorpus,PLAIN-1547,0.0,0.0
nfcorpus,PLAIN-1557,0.6,0.16578654749937008
nfcorpus,PLAIN-1568,0.58,1.0
nfcorpus,PLAIN-1579,0.51,0.3391602052736161
nfcorpus,PLAIN-1590,0.93,0.20805224831259952
nfcorpus,PLAIN-1601,0.14,0.36759393719604544
nfcorpus,PLAIN-1611,0.0,0.0
nfcorpus,PLAIN-1621,0.0,0.0
nfcorpus,PLAIN-1635,0.17,0.6703130632863612
nfcorpus,PLAIN-1645,0.47000000000000003,0.30260241349881345
nfcorpus,PLAIN-165,0.0,0.43423882676141223
nfcorpus,PLAIN-1656,0.0,0.1649020619192252
nfcorpus,PLAIN-1667,0.45,0.46176455324840143
nfcorpus,PLAIN-1679,0.0,0.0
nfcorpus,PLAIN-1690,0.91,0.06210900056969883
nfcorpus,PLAIN-1700,0.0,0.0
nfcorpus,PLAIN-1710,0.04,0.913795468627956
nfcorpus,PLAIN-1721,0.52,0.36283623734193504
nfcorpus,PLAIN-1731,0.0,0.7653606369886217
nfcorpus,PLAIN-1741,0.8200000000000001,0.6167693293040666
nfcorpus,PLAIN-175,0.75,0.24066360036718576
nfcorpus,PLAIN-1752,0.0,0.0
nfcorpus,PLAIN-1762,0.89,0.574465206378748
nfcorpus,PLAIN-1772,0.0,1.0
nfcorpus,PLAIN-1784,0.0,0.0
nfcorpus,PLAIN-1794,0.0,1.0
nfcorpus,PLAIN-1805,0.79,0.396581061748981
nfcorpus,PLAIN-1817,0.0,0.4486867434898191
nfcorpus,PLAIN-1827,0.0,0.0
nfcorpus,PLAIN-1837,0.26,0.7508165471986891
nfcorpus,PLAIN-1847,0.0,0.2324127137418755
nfcorpus,PLAIN-1857,0.49,0.31758099339170714
nfcorpus,PLAIN-186,0.08,0.12627825946936164
nfcorpus,PLAIN-1867,0.0,0.0979129253499678
nfcorpus,PLAIN-1877,0.0,0.06229494857554903
nfcorpus,PLAIN-1897,0.0,0.09755098741738873
nfcorpus,PLAIN-1909,0.11,0.4964581433992253
nfcorpus,PLAIN-1929,0.0,0.4183152013024451
nfcorpus,PLAIN-1950,0.0,0.25368834185115297
nfcorpus,PLAIN-196,0.5700000000000001,0.1839479838602926
nfcorpus,PLAIN-1962,0.0,0.02937101651543081
nfcorpus,PLAIN-1972,0.0,0.07961364546090477
nfcorpus,PLAIN-1983,0.58,0.585631302485441
nfcorpus,PLAIN-1995,0.0,0.14246054653507723
nfcorpus,PLAIN-2,0.52,0.7570545065837698
nfcorpus,PLAIN-2009,0.51,0.12647135138382856
nfcorpus,PLAIN-2019,0.0,0.0
nfcorpus,PLAIN-2030,0.51,0.30260241349881345
nfcorpus,PLAIN-2040,0.02,0.22607819298064805
nfcorpus,PLAIN-2051,0.91,0.47322609693810397
nfcorpus,PLAIN-2061,0.37,0.7012174805530003
nfcorpus,PLAIN-2071,0.02,0.44261063150711755
nfcorpus,PLAIN-2081,0.0,0.5
nfcorpus,PLAIN-2092,0.0,0.6489315753318466
nfcorpus,PLAIN-2102,0.51,0.6044826903043753
nfcorpus,PLAIN-2113,0.0,0.0
nfcorpus,PLAIN-2124,0.0,0.7261070679471331
nfcorpus,PLAIN-2134,0.0,0.0
nfcorpus,PLAIN-2145,0.56,0.14829723057014912
nfcorpus,PLAIN-2156,0.0,0.644824486427155
nfcorpus,PLAIN-2167,0.0,0.0
nfcorpus,PLAIN-217,0.8300000000000001,0.1419045643040949
nfcorpus,PLAIN-2177,0.0,0.3564118454907134
nfcorpus,PLAIN-2187,0.0,0.0
nfcorpus,PLAIN-2197,0.54,0.41960749649256807
nfcorpus,PLAIN-2209,0.0,0.11683606360696919
nfcorpus,PLAIN-2220,0.0,0.3833427799846345
nfcorpus,PLAIN-2230,0.0,0.0
nfcorpus,PLAIN-2240,0.67,0.5848561821365812
nfcorpus,PLAIN-2250,0.0,0.0
nfcorpus,PLAIN-2261,0.78,0.2682971219541492
nfcorpus,PLAIN-227,0.63,0.032116683544553805
nfcorpus,PLAIN-2271,0.0,0.033657504375671624
nfcorpus,PLAIN-2281,0.0,0.0
nfcorpus,PLAIN-2291,0.9500000000000001,0.3934438384533944
nfcorpus,PLAIN-23,0.8300000000000001,0.2700799051816526
nfcorpus,PLAIN-2301,0.0,0.14913506783875213
nfcorpus,PLAIN-2311,0.0,0.0
nfcorpus,PLAIN-2321,0.0,0.05611153054817913
nfcorpus,PLAIN-2332,0.64,0.3402941614370821
nfcorpus,PLAIN-2343,0.0,0.0
nfcorpus,PLAIN-2354,0.0,0.6229615239603483
nfcorpus,PLAIN-2375,0.0,0.1097853732565413
nfcorpus,PLAIN-238,0.98,0.06225439978710468
nfcorpus,PLAIN-2396,0.0,0.024470352565700283
nfcorpus,PLAIN-2408,0.0,0.0
nfcorpus,PLAIN-2430,0.11,0.46747762464889614
nfcorpus,PLAIN-2440,0.0,0.0
nfcorpus,PLAIN-2450,0.3,0.3541751799274026
nfcorpus,PLAIN-2460,0.02,0.4449535058643079
nfcorpus,PLAIN-2470,0.27,0.40807257143376857
nfcorpus,PLAIN-248,0.09,0.3092846211418942
nfcorpus,PLAIN-2480,0.47000000000000003,0.4278844509711098
nfcorpus,PLAIN-2490,0.86,0.38177204487832034
nfcorpus,PLAIN-2500,0.44,0.40180771079008193
nfcorpus,PLAIN-2510,0.22,0.7401264626215077
nfcorpus,PLAIN-2520,0.43,0.16217747840941793
nfcorpus,PLAIN-2530,0.11,0.6115208036051873
nfcorpus,PLAIN-2540,0.87,0.5310580456487691
nfcorpus,PLAIN-2550,0.76,0.20948794330482937
nfcorpus,PLAIN-2560,0.5,0.8659145364966258
nfcorpus,PLAIN-2570,0.49,0.4467866622236012
nfcorpus,PLAIN-2580,0.66,0.31184367642745564
nfcorpus,PLAIN-259,0.05,0.3939950465358727
nfcorpus,PLAIN-2590,0.12,0.1689381150318833
nfcorpus,PLAIN-2600,0.0,0.7013346435641419
nfcorpus,PLAIN-2610,0.02,0.2379699216185992
nfcorpus,PLAIN-2630,0.64,0.5083188340607027
nfcorpus,PLAIN-2640,0.8,0.5413053288430015
nfcorpus,PLAIN-2650,0.19,0.6534136052428432
nfcorpus,PLAIN-2670,0.48,0.3433710334880345
nfcorpus,PLAIN-2680,0.9,0.4523871300640621
nfcorpus,PLAIN-2690,0.0,0.30748921728956297
nfcorpus,PLAIN-270,1.0,0.19539169611748422
nfcorpus,PLAIN-2700,0.0,0.5021681596920617
nfcorpus,PLAIN-2710,0.0,0.5273573407791183
nfcorpus,PLAIN-2720,0.53,0.2617698733997276
nfcorpus,PLAIN-2730,0.04,0.5230656432342843
nfcorpus,PLAIN-2740,0.27,0.46374032320752473
nfcorpus,PLAIN-2750,0.03,0.47587006712791907
nfcorpus,PLAIN-2760,0.0,0.4104335179537481
nfcorpus,PLAIN-2770,0.85,0.4582463942436287
nfcorpus,PLAIN-2780,0.37,0.46849277152203267
nfcorpus,PLAIN-2790,0.8300000000000001,0.4403243821603059
nfcorpus,PLAIN-280,0.73,0.36488715081745443
nfcorpus,PLAIN-2800,1.0,0.1714386690360428
nfcorpus,PLAIN-2820,0.62,0.14566215631378324
nfcorpus,PLAIN-2830,0.06,0.3631143808977028
nfcorpus,PLAIN-2840,0.0,0.0
nfcorpus,PLAIN-2850,0.2,0.5503935740519131
nfcorpus,PLAIN-2860,0.0,1.0
nfcorpus,PLAIN-2870,0.46,0.06736103609739806
nfcorpus,PLAIN-2890,0.0,0.17270397382357142
nfcorpus,PLAIN-2900,0.0,0.14932464689081512
nfcorpus,PLAIN-291,0.49,0.37627309030056305
nfcorpus,PLAIN-2910,0.67,0.38230248899232816
nfcorpus,PLAIN-2920,0.92,0.05005165434923901
nfcorpus,PLAIN-2930,0.6900000000000001,0.4485626840787947
nfcorpus,PLAIN-2940,0.79,0.016571728011873642
nfcorpus,PLAIN-2950,0.0,0.0
nfcorpus,PLAIN-2960,0.81,0.41311732856427996
nfcorpus,PLAIN-2970,0.65,0.5503226021132755
nfcorpus,PLAIN-2981,0.93,0.5880569508488241
nfcorpus,PLAIN-2991,0.52,0.3868528072345416
nfcorpus,PLAIN-3014,0.0,0.0
nfcorpus,PLAIN-3026,0.54,0.24465054211822604
nfcorpus,PLAIN-3037,0.0,0.25424814612464103
nfcorpus,PLAIN-3053,0.0,0.858390387424228
nfcorpus,PLAIN-3063,0.0,0.32531670832675136
nfcorpus,PLAIN-307,0.1,1.0
nfcorpus,PLAIN-3074,0.0,1.0
nfcorpus,PLAIN-3085,0.0,0.4676164214719373
nfcorpus,PLAIN-3097,0.0,0.5989259738697911
nfcorpus,PLAIN-3116,0.0,0.0
nfcorpus,PLAIN-3131,0.92,0.6516433935264055
nfcorpus,PLAIN-3141,0.06,0.22167602164645756
nfcorpus,PLAIN-3151,0.0,0.6273313507840029
nfcorpus,PLAIN-3161,0.45,0.5073587139031299
nfcorpus,PLAIN-3171,0.72,0.2712045876834874
nfcorpus,PLAIN-3181,0.5,0.12112749786064264
nfcorpus,PLAIN-3191,0.6,0.5369211501680717
nfcorpus,PLAIN-320,0.0,0.17527227514505545
nfcorpus,PLAIN-3211,0.0,0.0
nfcorpus,PLAIN-3221,0.38,0.14680713368290613
nfcorpus,PLAIN-3231,0.0,0.36873852143386665
nfcorpus,PLAIN-3241,0.05,0.3132015313836151
nfcorpus,PLAIN-3251,0.18,0.1443310196930846
nfcorpus,PLAIN-3261,0.38,0.07509103684874581
nfcorpus,PLAIN-3271,0.0,0.07023596223696965
nfcorpus,PLAIN-3281,0.19,0.32544575414324334
nfcorpus,PLAIN-3292,0.62,0.6734171247507476
nfcorpus,PLAIN-33,0.13,0.43123499569565993
nfcorpus,PLAIN-3302,0.98,0.36471942777933675
nfcorpus,PLAIN-3312,0.41000000000000003,0.31402669314543624
nfcorpus,PLAIN-332,0.0,0.6131471927654584
nfcorpus,PLAIN-3322,0.03,0.18100760631774526
nfcorpus,PLAIN-3332,0.29,0.8256877637271153
nfcorpus,PLAIN-3342,0.74,0.722415966671648
nfcorpus,PLAIN-3352,0.78,0.15693632579446687
nfcorpus,PLAIN-3362,1.0,0.6719502531607285
nfcorpus,PLAIN-3372,0.99,0.19738154036175592
nfcorpus,PLAIN-3382,0.17,0.5177394871236934
nfcorpus,PLAIN-3392,0.37,0.113214014467177
nfcorpus,PLAIN-3402,0.22,0.08234648209021823
nfcorpus,PLAIN-3412,0.51,0.2235369592169715
nfcorpus,PLAIN-3422,1.0,0.3168734146470764
nfcorpus,PLAIN-3432,0.37,0.2809864562333969
nfcorpus,PLAIN-344,0.28,0.29553870879569155
nfcorpus,PLAIN-3442,0.92,0.022712950046497773
nfcorpus,PLAIN-3452,0.47000000000000003,0.5646755040551961
nfcorpus,PLAIN-3462,0.16,0.6013719193123934
nfcorpus,PLAIN-3472,0.0,0.34131609339058505
nfcorpus,PLAIN-358,0.0,0.08942172406547305
nfcorpus,PLAIN-371,0.08,0.40573555952976664
nfcorpus,PLAIN-383,0.0,0.21398626473452756
nfcorpus,PLAIN-395,0.0,0.08569177164575033
nfcorpus,PLAIN-407,0.0,0.7262287617954056
nfcorpus,PLAIN-418,0.0,0.9403098487843844
nfcorpus,PLAIN-430,0.65,0.6582076368971483
nfcorpus,PLAIN-44,0.47000000000000003,0.3216605763201703
nfcorpus,PLAIN-441,0.85,0.9667597193820574
nfcorpus,PLAIN-457,0.0,0.0
nfcorpus,PLAIN-468,0.61,0.6179531435511844
nfcorpus,PLAIN-478,0.0,0.0
nfcorpus,PLAIN-510,0.0,0.266869498077865
nfcorpus,PLAIN-520,0.0,0.0
nfcorpus,PLAIN-531,0.0,0.3831379047497054
nfcorpus,PLAIN-541,0.25,0.501439724385949
nfcorpus,PLAIN-551,0.0,0.3065735963827292
nfcorpus,PLAIN-56,0.26,0.45093746273535984
nfcorpus,PLAIN-561,0.0,0.21903241351648042
nfcorpus,PLAIN-571,0.0,0.4027915906847005
nfcorpus,PLAIN-583,0.56,0.08455924723720029
nfcorpus,PLAIN-593,0.1,0.46927872602275644
nfcorpus,PLAIN-603,0.0,0.15403922195426356
nfcorpus,PLAIN-613,0.0,0.13886244387355456
nfcorpus,PLAIN-623,0.58,0.18812652171920607
nfcorpus,PLAIN-634,0.0,0.3142541789102263
nfcorpus,PLAIN-660,0.65,0.5346626244649265
nfcorpus,PLAIN-671,0.0,1.0
nfcorpus,PLAIN-68,0.44,0.35938454957172683
nfcorpus,PLAIN-681,0.0,1.0
nfcorpus,PLAIN-691,0.02,0.07857698694729383
nfcorpus,PLAIN-711,0.04,0.21980733473137154
nfcorpus,PLAIN-721,0.0,0.7780675946410349
nfcorpus,PLAIN-731,0.97,0.5081779513979708
nfcorpus,PLAIN-741,0.5,0.5388044429158712
nfcorpus,PLAIN-751,0.0,0.0
nfcorpus,PLAIN-761,0.36,0.2600894127171132
nfcorpus,PLAIN-771,0.0,1.0
nfcorpus,PLAIN-78,0.35000000000000003,0.13632814164268342
nfcorpus,PLAIN-782,0.0,0.0
nfcorpus,PLAIN-792,0.0,0.5489507370829834
nfcorpus,PLAIN-806,0.65,0.3772227516080936
nfcorpus,PLAIN-817,0.0,0.0
nfcorpus,PLAIN-827,0.89,0.5294945061960825
nfcorpus,PLAIN-850,0.0,0.30917903470499825
nfcorpus,PLAIN-872,0.0,0.0
nfcorpus,PLAIN-882,0.0,0.6311049866794497
nfcorpus,PLAIN-91,0.63,0.46562041043539415
nfcorpus,PLAIN-913,0.04,0.48702854232366294
nfcorpus,PLAIN-924,0.0,0.20362747083549912
nfcorpus,PLAIN-934,0.66,0.506306364597401
nfcorpus,PLAIN-946,0.65,0.08526657290194924
nfcorpus,PLAIN-956,0.4,0.48795812672807864
nfcorpus,PLAIN-966,0.9500000000000001,0.15642624200758548
nfcorpus,PLAIN-977,0.0,0.46927872602275644
nfcorpus,PLAIN-987,0.0,0.0938557452045513
nfcorpus,PLAIN-997,0.0,0.0
arguana,test-culture-ascidfakhba-pro01a,0.0,0.43067655807339306
arguana,test-culture-ascidfakhba-pro02a,0.0,0.3333333333333333
arguana,test-culture-ascidfakhba-pro04a,0.0,0.43067655807339306
arguana,test-culture-cgeeghwmeo-con01a,0.0,0.6309297535714575
arguana,test-culture-cgeeghwmeo-con04a,0.0,0.38685280723454163
arguana,test-culture-cgeeghwmeo-pro01a,0.0,0.5
arguana,test-culture-cgeeghwmeo-pro02a,0.0,0.5
arguana,test-culture-cgeeghwmeo-pro03a,0.0,0.19823986317056053
arguana,test-culture-cgeeghwmeo-pro04a,0.0,0.5
arguana,test-culture-mmciahbans-con01a,0.61,0.43067655807339306
arguana,test-culture-mmctghwbsa-pro02a,0.0,0.43067655807339306
arguana,test-culture-mmctyshwbcp-pro04a,0.0,0.6309297535714575
arguana,test-culture-mthbah-con02a,0.3,0.6309297535714575
arguana,test-culture-mthbah-pro03a,0.0,0.6309297535714575
arguana,test-culture-mthbah-pro05a,0.0,0.3562071871080222
arguana,test-culture-thbcsbptwhht-con01a,0.0,0.6309297535714575
arguana,test-culture-thbcsbptwhht-pro02a,0.51,0.6309297535714575
arguana,test-culture-thbcsbptwhht-pro04a,0.06,0.3010299956639812
arguana,test-digital-freedoms-aihwbasmn-con05a,0.0,0.25
arguana,test-digital-freedoms-dfiphbgs-con01a,0.0,0.5
arguana,test-digital-freedoms-efsappgdfp-con05a,0.21,0.43067655807339306
arguana,test-digital-freedoms-efsappgdfp-pro02a,0.97,0.25
arguana,test-digital-freedoms-efsappgdfp-pro04a,0.0,0.5
arguana,test-digital-freedoms-eifdfaihs-pro01a,0.18,0.3562071871080222
arguana,test-digital-freedoms-eifpgdff-con02a,0.0,0.6309297535714575
arguana,test-digital-freedoms-eifpgdff-con03a,0.0,0.6309297535714575
arguana,test-digital-freedoms-phwnaccpdt-con01a,0.19,0.2890648263178879
arguana,test-digital-freedoms-phwnaccpdt-con02a,0.68,0.3562071871080222
arguana,test-digital-freedoms-piidfaihbg-pro02a,0.0,0.5
arguana,test-digital-freedoms-piidfaihbg-pro03a,0.0,0.3010299956639812
arguana,test-economy-bepahbtsnrt-con02a,0.87,0.6309297535714575
arguana,test-economy-bepiehbesa-pro02a,0.0,0.6309297535714575
arguana,test-economy-bepighbdb-pro01a,0.0,0.6309297535714575
arguana,test-economy-bepighbdb-pro03a,0.0,0.6309297535714575
arguana,test-economy-beplcpdffe-pro02a,0.0,0.38685280723454163
arguana,test-economy-bhahwbsps-pro01a,0.5,0.6309297535714575
arguana,test-economy-bhahwbsps-pro03a,0.0,0.6309297535714575
arguana,test-economy-egecegphw-con02a,0.0,0.6309297535714575
arguana,test-economy-egecegphw-pro01a,0.0,0.6309297535714575
arguana,test-economy-egiahbwaka-pro03a,0.0,0.6309297535714575
arguana,test-economy-epegiahsc-con03a,0.0,0.27023815442731974
arguana,test-economy-epegiahsc-pro01a,0.0,0.31546487678572877
arguana,test-economy-epehwmrbals-con01a,0.27,0.2559580248098155
arguana,test-economy-epehwmrbals-con02a,0.0,0.27023815442731974
arguana,test-economy-epehwmrbals-pro04a,0.0,0.6309297535714575
arguana,test-economy-eptpghdtre-con03a,0.29,0.5
arguana,test-economy-fiahwpamu-pro01a,0.19,0.6309297535714575
arguana,test-economy-thhghwhwift-con02a,0.0,0.31546487678572877
arguana,test-economy-thhghwhwift-pro01a,0.53,0.6309297535714575
arguana,test-economy-thsptr-con05a,0.31,0.5
arguana,test-economy-thsptr-pro02a,0.0,0.26264953503719357
arguana,test-education-egscphsrdt-con01a,0.0,0.5
arguana,test-education-egscphsrdt-con02a,0.0,0.38685280723454163
arguana,test-education-egscphsrdt-pro02a,0.0,0.6309297535714575
arguana,test-education-egtuscpih-con01a,0.0,0.6309297535714575
arguana,test-education-egtuscpih-con04a,0.0,0.5
arguana,test-education-egtuscpih-pro04a,0.0,0.6309297535714575
arguana,test-education-pshhghwpba0-pro03a,0.0,0.20184908658209985
arguana,test-education-pstrgsehwt-con01a,0.64,0.43067655807339306
arguana,test-education-pstrgsehwt-con03a,0.0,0.3010299956639812
arguana,test-education-pstrgsehwt-pro04a,0.44,0.43067655807339306
arguana,test-education-pteuhwfphe-con02a,0.0,0.6309297535714575
arguana,test-education-pteuhwfphe-pro02a,0.5,0.6309297535714575
arguana,test-education-tuhwastua-pro02a,0.0,0.6309297535714575
arguana,test-education-tuhwastua-pro03a,0.07,0.6309297535714575
arguana,test-education-tuhwastua-pro05a,0.29,0.3562071871080222
arguana,test-education-udfakusma-con04a,0.34,0.6309297535714575
arguana,test-education-udfakusma-pro02a,0.0,0.22424382421757544
arguana,test-education-udfakusma-pro03a,0.0,0.6309297535714575
arguana,test-education-ufsdfkhbwu-con01a,0.0,0.0
arguana,test-education-ufsdfkhbwu-con02a,0.0,0.0
arguana,test-education-ughbuesbf-con01a,0.0,0.3562071871080222
arguana,test-education-ughbuesbf-con05a,0.91,0.5
arguana,test-education-usuprmhbu-pro03a,0.0,0.43067655807339306
arguana,test-education-xeegshwfeu-con01a,0.0,0.3562071871080222
arguana,test-environment-aeghhgwpe-con01a,0.0,0.5
arguana,test-environment-aeghhgwpe-con02a,0.0,0.6309297535714575
arguana,test-environment-aiahwagit-pro01a,0.39,0.43067655807339306
arguana,test-environment-aiahwagit-pro02a,0.0,0.6309297535714575
arguana,test-environment-assgbatj-con03a,0.46,0.43067655807339306
arguana,test-environment-ehwsnwu-con02a,0.0,0.3010299956639812
arguana,test-free-speech-debate-fchbjaj-con02a,0.0,0.5
arguana,test-free-speech-debate-fchbjaj-pro01a,0.0,0.38685280723454163
arguana,test-free-speech-debate-fchbjaj-pro03a,0.0,0.3333333333333333
arguana,test-free-speech-debate-fsaphgiap-con01a,0.14,0.6309297535714575
arguana,test-free-speech-debate-fsaphgiap-con02a,0.0,0.6309297535714575
arguana,test-free-speech-debate-fsaphgiap-pro01a,0.0,0.18665241123894338
arguana,test-free-speech-debate-ldhwprhs-pro01a,0.0,0.6309297535714575
arguana,test-free-speech-debate-nshbbsbfb-pro02a,0.33,0.5
arguana,test-free-speech-debate-nshbcsbawc-con01a,0.0,0.43067655807339306
arguana,test-free-speech-debate-nshbcsbawc-con02a,0.04,0.38685280723454163
arguana,test-free-speech-debate-nshbcsbawc-pro03a,0.0,0.3010299956639812
arguana,test-free-speech-debate-nshbcsbawc-pro04a,0.0,0.0
arguana,test-free-speech-debate-radhbsshr-pro01a,0.0,0.38685280723454163
arguana,test-free-speech-debate-yfsdfkhbwu-pro02a,0.0,0.5
arguana,test-health-ahiahbgbsp-con02a,0.31,0.5
arguana,test-health-ahiahbgbsp-con03a,0.34,0.43067655807339306
arguana,test-health-dhghhbampt-con02a,0.58,0.6309297535714575
arguana,test-health-dhghwapgd-pro02a,0.0,0.3010299956639812
arguana,test-health-dhghwapgd-pro03a,0.0,0.5
arguana,test-health-dhgsshbesbc-con03a,0.0,0.26264953503719357
arguana,test-health-dhgsshbesbc-pro03a,0.0,0.43067655807339306
arguana,test-health-dhpelhbass-con03a,0.0,0.6309297535714575
arguana,test-health-dhpelhbass-con04a,0.0,0.6309297535714575
arguana,test-health-hdond-con01a,0.0,0.25
arguana,test-health-hdond-con04a,0.0,0.6309297535714575
arguana,test-health-hgwhwbjfs-con02a,0.0,0.5
arguana,test-health-hgwhwbjfs-pro03a,0.0,0.31546487678572877
arguana,test-health-hpehwadvoee-con01a,0.0,0.19342640361727081
arguana,test-health-hpehwadvoee-pro04a,0.0,0.6309297535714575
arguana,test-health-ppelfhwbpba-con02a,0.0,0.6309297535714575
arguana,test-international-aahwstdrtfm-con01a,0.0,0.5
arguana,test-international-aegmeppghw-con03a,0.5,0.6309297535714575
arguana,test-international-aghbfcpspr-con01a,0.0,0.31546487678572877
arguana,test-international-aghbfcpspr-con03a,0.88,0.6309297535714575
arguana,test-international-aghbfcpspr-con04a,0.0,0.5
arguana,test-international-aghbfcpspr-pro05a,0.08,0.25
arguana,test-international-aghwrem-con03a,0.0,0.6309297535714575
arguana,test-international-aghwrem-pro03a,0.74,0.6309297535714575
arguana,test-international-aglhrilhb-con01a,0.66,0.18790182470910757
arguana,test-international-aglhrilhb-pro04a,0.0,0.38685280723454163
arguana,test-international-amehbuaisji-con04a,0.0,0.6309297535714575
arguana,test-international-appghblsba-con01a,0.36,0.43067655807339306
arguana,test-international-appghblsba-pro01a,0.0,0.6309297535714575
arguana,test-international-apwhbaucmip-pro01a,0.09,0.43067655807339306
arguana,test-international-atiahblit-pro02a,0.0,0.6309297535714575
arguana,test-international-bldimehbn-con01a,0.0,0.23540891336663824
arguana,test-international-bldimehbn-con03a,0.51,0.5
arguana,test-international-bldimehbn-pro01a,0.0,0.6309297535714575
arguana,test-international-bmaggiahbl-con03a,0.0,0.31546487678572877
arguana,test-international-eghrhbeusli-con01a,0.34,0.6309297535714575
arguana,test-international-eghrhbeusli-pro05a,0.9,0.3010299956639812
arguana,test-international-ehbfe-con01a,0.08,0.6309297535714575
arguana,test-international-ehbfe-con02a,0.0,0.6309297535714575
arguana,test-international-ehbfe-pro02a,0.74,0.5
arguana,test-international-eiahwpamu-pro01a,0.28,0.5
arguana,test-international-eiahwpamu-pro03a,0.0,0.24465054211822604
arguana,test-international-eiahwpamu-pro05a,0.0,0.5
arguana,test-international-emephsate-con01a,0.0,0.38685280723454163
arguana,test-international-emephsate-con03a,0.0,0.6309297535714575
arguana,test-international-epdlhfcefp-con01a,0.9,0.2890648263178879
arguana,test-international-epglghbni-con01a,0.0,0.43067655807339306
arguana,test-international-epglghbni-pro02a,0.0,0.6309297535714575
arguana,test-international-epvhwhranet-con02a,0.0,0.6309297535714575
arguana,test-international-epvhwhranet-pro03a,0.08,0.3333333333333333
arguana,test-international-ghbunhf-con01a,0.0,0.6309297535714575
arguana,test-international-ghbunhf-con05a,0.0,0.6309297535714575
arguana,test-international-ghbunhf-pro02a,0.76,0.5
arguana,test-international-ghbunhf-pro04a,0.0,0.6309297535714575
arguana,test-international-ghwcitca-con03a,0.51,0.6309297535714575
arguana,test-international-gmehbisrip1b-pro01a,0.0,0.5
arguana,test-international-gmehwasr-con02a,0.9400000000000001,0.27023815442731974
arguana,test-international-gmehwasr-con03a,0.0,0.3010299956639812
arguana,test-international-gpdwhwcusa-pro02a,0.0,0.6309297535714575
arguana,test-international-gpsmhbsosb-pro01a,0.0,0.6309297535714575
arguana,test-international-gpsmhbsosb-pro03a,0.0,0.6309297535714575
arguana,test-international-gsciidffe-con04a,0.51,0.6309297535714575
arguana,test-international-gsciidffe-pro03a,0.91,0.38685280723454163
arguana,test-international-gsciidffe-pro04a,0.85,0.38685280723454163
arguana,test-international-iiahwagit-con01a,0.37,0.19342640361727081
arguana,test-international-iiahwagit-con04a,0.0,0.43067655807339306
arguana,test-international-iiahwagit-pro03a,0.0,0.5
arguana,test-international-ipecfiepg-con01a,0.6900000000000001,0.6309297535714575
arguana,test-international-ipecfiepg-con03a,0.0,0.38685280723454163
arguana,test-international-ipecfiepg-pro01a,0.0,0.5
arguana,test-international-iwiaghbss-con01a,0.09,0.43067655807339306
arguana,test-international-iwiaghbss-con02a,0.0,0.43067655807339306
arguana,test-international-miasimyhw-con01a,0.0,0.3333333333333333
arguana,test-international-miasimyhw-pro01a,0.0,0.38685280723454163
arguana,test-international-miasimyhw-pro04a,0.0,0.38685280723454163
arguana,test-international-segiahbarr-con03a,0.81,0.3333333333333333
arguana,test-international-siacphbnt-con03a,0.0,0.6309297535714575
arguana,test-international-siacphbnt-con04a,0.51,0.6309297535714575
arguana,test-international-siacphbnt-pro01a,0.0,0.6309297535714575
arguana,test-international-ssiarcmhb-con04a,0.42,0.5
arguana,test-international-ssiarcmhb-pro01a,0.0,0.6309297535714575
arguana,test-international-ssiarcmhb-pro03a,0.8300000000000001,0.38685280723454163
arguana,test-law-cpilhbishioe-con02a,0.11,0.6309297535714575
arguana,test-law-cpilhbishioe-pro01a,0.0,0.6309297535714575
arguana,test-law-cpilhbishioe-pro03a,0.0,0.6309297535714575
arguana,test-law-cplglghwbhwd-con01a,0.51,0.6309297535714575
arguana,test-law-cplgpshwdp-pro02a,0.0,0.6309297535714575
arguana,test-law-cplgpshwdp-pro03a,0.0,0.3562071871080222
arguana,test-law-cplgpshwdp-pro04a,0.6900000000000001,0.3333333333333333
arguana,test-law-hrilpgwhwr-con01a,0.0,0.6309297535714575
arguana,test-law-hrilpgwhwr-con03a,0.28,0.2890648263178879
arguana,test-law-hrilpgwhwr-con04a,0.0,0.6309297535714575
arguana,test-law-hrpepthwuto-con02a,0.0,0.2559580248098155
arguana,test-law-hrpepthwuto-pro02a,0.0,0.6309297535714575
arguana,test-law-lghbacpsba-con01a,0.0,0.6309297535714575
arguana,test-law-lghbacpsba-con02a,0.0,0.6309297535714575
arguana,test-law-lghbacpsba-pro03a,0.0,0.6309297535714575
arguana,test-law-lgplhbssbco-pro01a,0.0,0.6309297535714575
arguana,test-law-lgplhbssbco-pro04a,0.0,0.6309297535714575
arguana,test-law-phwmfri-pro03a,0.0,0.3333333333333333
arguana,test-law-rmelhrilhbiw-con02a,0.0,0.6309297535714575
arguana,test-law-rmelhrilhbiw-con04a,0.0,0.5
arguana,test-law-rmelhrilhbiw-pro04a,0.0,0.38685280723454163
arguana,test-law-sdfclhrppph-pro04a,0.0,0.6309297535714575
arguana,test-law-sdiflhrdffe-con02a,0.0,0.6309297535714575
arguana,test-law-sdiflhrdffe-con03a,0.0,0.6309297535714575
arguana,test-law-sdiflhrdffe-con04a,0.51,0.6309297535714575
arguana,test-law-tahglcphsld-pro01a,0.0,0.43067655807339306
arguana,test-law-thgglcplgphw-con01a,0.68,0.6309297535714575
arguana,test-philosophy-apessghwba-con02a,0.0,0.5
arguana,test-philosophy-apessghwba-pro01a,0.26,0.31546487678572877
arguana,test-philosophy-apessghwba-pro04a,0.16,0.6309297535714575
arguana,test-philosophy-elhbrd-con02a,0.0,0.31546487678572877
arguana,test-philosophy-eppphwlrtjs-con03a,0.0,0.6309297535714575
arguana,test-philosophy-eppphwlrtjs-pro01a,0.0,0.6309297535714575
arguana,test-philosophy-eppphwlrtjs-pro02a,0.0,0.6309297535714575
arguana,test-philosophy-npegiepp-pro04a,0.0,0.3333333333333333
arguana,test-philosophy-npppmhwup-con03a,0.14,0.3562071871080222
arguana,test-philosophy-npppmhwup-pro01a,0.3,0.6309297535714575
arguana,test-philosophy-pphbclsbs-con03a,0.41000000000000003,0.22424382421757544
arguana,test-philosophy-pphbclsbs-con04a,0.0,0.6309297535714575
arguana,test-philosophy-pphbclsbs-con05a,0.0,0.15117821092177644
arguana,test-philosophy-pphbclsbs-pro01a,0.86,0.16666666666666666
arguana,test-philosophy-pphbclsbs-pro02a,0.0,0.43067655807339306
arguana,test-philosophy-pphbclsbs-pro03a,0.0,0.6309297535714575
arguana,test-philosophy-pphbclsbs-pro05a,0.0,0.16260831227163416
arguana,test-politics-cdfsaphgiap-con02a,0.08,0.5
arguana,test-politics-cdfsaphgiap-pro01a,0.0,0.18428883314870617
arguana,test-politics-cdmaggpdgdf-pro05a,0.0,0.6309297535714575
arguana,test-politics-cpecfiepg-pro01a,0.0,0.6309297535714575
arguana,test-politics-cpegiepgh-con03a,0.0,0.6309297535714575
arguana,test-politics-cpegiepgh-pro02a,0.0,0.6309297535714575
arguana,test-politics-dhbanhrnw-con04a,0.15,0.5
arguana,test-politics-dhwem-con01a,0.0,0.43067655807339306
arguana,test-politics-dhwem-pro04a,0.62,0.6309297535714575
arguana,test-politics-eppghwgpi-con05a,0.07,0.3562071871080222
arguana,test-politics-eppghwgpi-pro04a,0.0,0.38685280723454163
arguana,test-politics-eppghwgpi-pro05a,0.0,0.6309297535714575
arguana,test-politics-eppghwlrba-pro03a,0.18,0.5
arguana,test-politics-ghbgussbsbt-con04a,0.0,0.6309297535714575
arguana,test-politics-glghssi-con02a,0.06,0.5
arguana,test-politics-glgvhbqssc-con02a,0.0,0.3333333333333333
arguana,test-politics-grcrgshwbr-con02a,0.0,0.43067655807339306
arguana,test-politics-grcrgshwbr-pro04a,0.0,0.2103099178571525
arguana,test-politics-gvhbhlsbr-pro03a,0.0,0.43067655807339306
arguana,test-politics-gvhwhnerse-con02a,0.0,0.0
arguana,test-politics-lghwdecm-pro02a,0.0,0.6309297535714575
arguana,test-politics-nlpdwhbusbuc-con03a,0.0,0.38685280723454163
arguana,test-politics-oapdhwinkp-pro01a,0.0,0.23137821315975915
arguana,test-politics-oepdlhfcefp-con01a,0.93,0.27894294565112987
arguana,test-politics-oepdlhfcefp-pro02a,0.92,0.3010299956639812
arguana,test-politics-oepghbrnsl-con03a,0.41000000000000003,0.6309297535714575
arguana,test-politics-oepghbrnsl-pro02a,0.67,0.38685280723454163
arguana,test-politics-oepghbrnsl-pro04a,0.0,0.6309297535714575
arguana,test-politics-oeplhbuwhmi-pro03a,0.32,0.43067655807339306
arguana,test-politics-oglilpdwhsn-con01a,0.0,0.38685280723454163
arguana,test-politics-oglilpdwhsn-pro03a,0.0,0.3333333333333333
arguana,test-politics-pgsimhwoia-pro01a,0.0,0.6309297535714575
arguana,test-politics-ypppdghwid-con04a,0.0,0.43067655807339306
arguana,test-politics-ypppdghwid-pro04a,0.0,0.6309297535714575
arguana,test-politics-ypppgvhwmv-pro03a,0.12,0.6309297535714575
arguana,test-politics-ypppgvhwmv-pro04a,0.0,0.6309297535714575
arguana,test-politics-ypppgvhwmv-pro05a,0.0,0.6309297535714575
arguana,test-religion-cmrsgfhbr-pro01a,0.0,0.31546487678572877
arguana,test-religion-grcrgshwbr-pro01a,0.0,0.43067655807339306
arguana,test-religion-grcrgshwbr-pro02a,0.0,0.38685280723454163
arguana,test-religion-grcrgshwbr-pro03a,0.51,0.5
arguana,test-religion-grcrgshwbr-pro05a,0.0,0.6309297535714575
arguana,test-religion-msgfhwbamec-pro03a,0.51,0.6309297535714575
arguana,test-religion-wcprrgrhbmi-con01a,0.0,0.6309297535714575
arguana,test-religion-wcprrgrhbmi-con02a,0.0,0.21810429198553155
arguana,test-religion-yercfrggms-con03a,0.0,0.6309297535714575
arguana,test-science-ciidfaihwc-con02a,0.0,0.43067655807339306
arguana,test-science-ciidfaihwc-pro01a,0.03,0.6309297535714575
arguana,test-science-cpisydfphwj-con03a,0.0,0.6309297535714575
arguana,test-science-dssghsdmd-con03a,0.0,0.43067655807339306
arguana,test-science-eassgbatj-con01a,0.0,0.1905514124267734
arguana,test-science-eassgbatj-con05a,0.0,0.43067655807339306
arguana,test-science-eassgbatj-pro03a,0.35000000000000003,0.43067655807339306
arguana,test-science-eassgbatj-pro04a,0.0,0.38685280723454163
arguana,test-science-eassgbatj-pro05a,0.0,0.22106472945750374
arguana,test-science-nsihwbtiss-con02a,0.0,0.2890648263178879
arguana,test-science-wsihwclscaaw-con02a,0.0,0.6309297535714575
arguana,test-society-asfhwapg-con03a,0.0,0.6309297535714575
arguana,test-society-asfhwapg-pro01a,0.0,0.6309297535714575
arguana,test-society-epiasghbf-con03a,0.0,0.5
arguana,test-society-epiasghbf-pro01a,0.0,0.5
arguana,test-society-ghbgqeaaems-con03a,0.0,0.43067655807339306
arguana,test-society-ghbgqeaaems-pro03a,0.41000000000000003,0.43067655807339306
arguana,test-society-ghbgqeaaems-pro04a,0.0,0.6309297535714575
arguana,test-society-mmcpsgfhbf-con01a,0.14,0.6309297535714575
arguana,test-society-mmcpsgfhbf-pro02a,0.0,0.6309297535714575
arguana,test-society-mmcpsgfhbf-pro03a,0.0,0.27894294565112987
arguana,test-society-mmcpsgfhbf-pro04a,0.15,0.2890648263178879
arguana,test-society-simhbrasnba-pro02a,0.0,0.6309297535714575
arguana,test-society-simhbrasnba-pro03a,0.0,0.3562071871080222
arguana,test-society-tsmihwurpp-pro01a,0.0,0.6309297535714575
arguana,test-society-tsmihwurpp-pro02a,0.88,0.3010299956639812
arguana,test-society-tsmihwurpp-pro03a,0.0,0.38685280723454163
arguana,test-sport-aastshsrqsar-pro03a,0.0,0.6309297535714575
arguana,test-sport-otshwbe2uuyt-con02a,0.0,0.6309297535714575
arguana,test-sport-tshbmlbscac-con04a,0.66,0.5
arguana,test-sport-tshbmlbscac-pro03a,0.51,0.6309297535714575
arguana,test-sport-ybfgsohbhog-con02a,0.0,0.6309297535714575
arguana,test-sport-ybfgsohbhog-pro02a,0.0,0.6309297535714575
fiqa,10034,0.03,0.6131471927654584
fiqa,10136,0.0,0.3908053931659701
fiqa,10137,0.0,0.5
fiqa,10246,0.0,0.0
fiqa,104,0.0,0.6131471927654584
fiqa,10447,0.13,0.2960819109658652
fiqa,10558,0.0,0.7841802768331765
fiqa,10601,0.66,0.43067655807339306
fiqa,10628,0.0,0.3333333333333333
fiqa,10639,0.0,0.42597098150954243
fiqa,10827,0.0,0.16958010263680806
fiqa,10845,0.0,1.0
fiqa,1085,0.0,0.0
fiqa,109,0.0,1.0
fiqa,1090,0.0,0.38685280723454163
fiqa,10932,0.0,1.0
fiqa,10975,0.93,0.2037950470905062
fiqa,11039,0.34,0.23463726180528163
fiqa,11088,0.0,1.0
fiqa,1198,0.0,1.0
fiqa,1309,0.72,0.6179274690224502
fiqa,1321,0.0,0.0
fiqa,1416,0.25,0.23981246656813146
fiqa,1676,0.71,0.848013871103575
fiqa,1748,0.54,0.5893943818208077
fiqa,1819,0.4,0.6237763417011962
fiqa,1826,0.0,1.0
fiqa,1832,0.14,0.6309297535714575
fiqa,1877,0.0,1.0
fiqa,1915,0.0,1.0
fiqa,1920,0.0,0.18428883314870617
fiqa,1933,0.0,1.0
fiqa,1948,0.0,1.0
fiqa,2010,0.25,0.5833416105149332
fiqa,2070,0.48,0.3547550188094295
fiqa,2088,0.0,0.0
fiqa,2183,0.0,0.6898511839334865
fiqa,2306,0.24,0.6131471927654584
fiqa,2318,0.06,0.6309297535714575
fiqa,2330,0.0,0.7254569047641046
fiqa,2334,0.0,0.8164569778296022
fiqa,2383,0.0,0.6131471927654584
fiqa,2384,0.29,0.23540891336663824
fiqa,2395,0.65,0.31546487678572877
fiqa,2400,0.0,0.5607688474437151
fiqa,2407,0.9,0.25382139334525206
fiqa,2416,0.0,1.0
fiqa,2443,0.77,0.1949590218937863
fiqa,2460,0.0,1.0
fiqa,2513,0.0,0.5
fiqa,2549,0.0,0.7135228558415218
fiqa,2568,0.0,0.6181670453735085
fiqa,2580,0.48,0.7653606369886217
fiqa,2587,0.0,1.0
fiqa,2589,0.0,0.8758330319477191
fiqa,2590,0.0,0.5668955514145251
fiqa,2593,0.49,0.7409026621337467
fiqa,26,0.0,0.3078718055913328
fiqa,2648,0.0,1.0
fiqa,2713,0.19,0.6131471927654584
fiqa,2724,0.0,0.7631539858737962
fiqa,2747,0.15,1.0
fiqa,2749,0.03,0.7977228895450266
fiqa,2801,0.33,0.8503449055347546
fiqa,2856,0.03,0.8549237190135885
fiqa,2885,0.0,0.0
fiqa,2903,0.0,0.26264953503719357
fiqa,2923,0.0,0.9055950283550284
fiqa,2994,0.03,0.581817614818224
fiqa,3006,0.0,0.4296937870297496
fiqa,3085,0.1,0.30032713885777473
fiqa,3091,0.0,0.9999999999999999
fiqa,3103,0.0,1.0
fiqa,3115,0.25,0.6105858728157117
fiqa,3148,0.05,0.5531464700081437
fiqa,3177,0.18,0.30792289822140545
fiqa,3179,0.0,0.8175295903539445
fiqa,3186,0.08,1.0
fiqa,3189,0.0,0.11164668500969883
fiqa,3357,0.14,1.0
fiqa,3404,0.0,0.7116732587592631
fiqa,3503,0.0,0.6045457614525803
fiqa,3512,0.0,0.7977228895450266
fiqa,3528,0.36,0.6309297535714575
fiqa,3530,0.0,0.2547524607214892
fiqa,3615,0.05,1.0
fiqa,3625,0.0,0.46927872602275644
fiqa,3694,0.0,0.7741900178546666
fiqa,3781,0.0,1.0
fiqa,3789,0.13,0.8318724637288826
fiqa,3791,0.92,0.6045356487054212
fiqa,3859,0.91,0.1949590218937863
fiqa,3888,0.0,0.0
fiqa,3932,0.0,0.3996133408589148
fiqa,3934,0.12,0.27807968740219335
fiqa,4007,0.0,0.6105456988825855
fiqa,4011,0.0,1.0
fiqa,4031,0.0,0.0
fiqa,4071,0.0,0.0
fiqa,4142,0.15,0.4352602451647464
fiqa,4153,0.0,0.0
fiqa,4179,0.0,0.6309297535714575
fiqa,42,0.24,0.4060467736833619
fiqa,4205,0.0,0.6483407977517444
fiqa,4265,0.0,0.8169873177162533
fiqa,4286,0.0,0.6131471927654584
fiqa,4306,0.22,0.8039281795867445
fiqa,4312,0.0,0.8086651202760602
fiqa,4339,0.0,1.0
fiqa,4394,0.0,0.0
fiqa,4409,0.0,0.4651467675185099
fiqa,4411,0.0,0.6362795507036734
fiqa,4414,0.33,0.5401396054259062
fiqa,4415,0.0,0.2489792351299002
fiqa,4433,0.43,0.13373003436102654
fiqa,4447,0.03,1.0
fiqa,4484,0.0,1.0
fiqa,4514,0.0,0.7417566796643835
fiqa,4523,0.24,0.4692922068093051
fiqa,4539,0.0,0.3065735963827292
fiqa,4571,0.03,0.9010126104210695
fiqa,4600,0.0,1.0
fiqa,4605,0.03,0.8135628296448026
fiqa,4641,0.0,0.4845572292676487
fiqa,4678,0.0,0.0
fiqa,4681,0.0,1.0
fiqa,4700,0.0,1.0
fiqa,4785,0.0,1.0
fiqa,4804,0.08,1.0
fiqa,4813,0.0,0.6309297535714575
fiqa,4845,0.0,0.8886164761813452
fiqa,4863,0.4,0.8348200792023318
fiqa,4865,0.0,0.23540891336663824
fiqa,4962,0.0,0.6131471927654584
fiqa,4968,0.7000000000000001,1.0
fiqa,5021,0.0,0.0
fiqa,503,0.0,0.0
fiqa,5030,0.0,0.0
fiqa,5045,0.0,0.3333333333333333
fiqa,5061,0.0,0.0
fiqa,5064,0.12,1.0
fiqa,5085,0.0,1.0
fiqa,5090,0.0,0.6131471927654584
fiqa,5134,0.0,0.6131471927654584
fiqa,5150,0.28,0.43067655807339306
fiqa,5185,0.0,0.0
fiqa,5206,0.0,0.13032376591037062
fiqa,5228,0.0,0.15643778834207153
fiqa,5231,0.0,0.0
fiqa,5255,0.0,1.0
fiqa,5343,0.0,0.6309297535714575
fiqa,5356,0.19,0.5785854121593106
fiqa,5410,0.17,0.25598580395993586
fiqa,5460,0.8,0.14964161162212017
fiqa,5464,0.0,0.756836050479995
fiqa,547,0.0,0.0
fiqa,549,0.47000000000000003,0.25
fiqa,5505,0.06,1.0
fiqa,5511,0.12,0.2726951578482285
fiqa,5534,0.0,0.6131471927654584
fiqa,5592,0.0,1.0
fiqa,5616,0.0,0.3333333333333333
fiqa,5620,0.0,0.07386004580671933
fiqa,5683,0.0,1.0
fiqa,5763,0.0,0.08080765379783027
fiqa,5782,0.32,0.4657602567312114
fiqa,5808,0.0,0.6309297535714575
fiqa,5862,0.0,0.3554653196507138
fiqa,5903,0.0,0.0
fiqa,594,0.0,0.6131471927654584
fiqa,5970,0.26,0.7149900109169716
fiqa,5981,0.03,1.0
fiqa,6002,0.07,0.9447429113221963
fiqa,6005,0.29,0.5977694218117344
fiqa,6009,0.46,0.24465054211822604
fiqa,604,0.0,0.5642385222468492
fiqa,6110,0.23,0.607357900448172
fiqa,6122,0.91,0.5453377909081571
fiqa,6131,0.0,0.5184090399392688
fiqa,6146,0.0,1.0
fiqa,6219,0.0,1.0
fiqa,6221,0.55,0.10147510096204736
fiqa,6395,0.0,0.0
fiqa,6420,0.05,0.766433990956823
fiqa,6441,0.1,0.5
fiqa,6525,0.0,0.7653606369886217
fiqa,6554,0.44,0.6131471927654584
fiqa,6562,0.44,0.39619230009386913
fiqa,6611,0.5,0.7700871371433883
fiqa,6612,0.9500000000000001,0.14628164519652434
fiqa,6629,0.0,0.0
fiqa,6683,0.38,0.5640920940185894
fiqa,6713,0.0,0.7574875071481796
fiqa,6746,0.0,0.38685280723454163
fiqa,6787,0.0,0.0
fiqa,6792,0.0,0.0
fiqa,68,0.0,0.0
fiqa,6803,0.0,0.6944125329309081
fiqa,6814,0.0,0.0
fiqa,6835,0.0,0.38685280723454163
fiqa,684,0.0,0.20584683246043448
fiqa,6862,0.0,1.0
fiqa,687,0.0,0.14434031438272124
fiqa,6875,0.0,0.0
fiqa,6891,0.25,0.6429676436429463
fiqa,6901,0.0,0.22650192316223594
fiqa,6907,0.3,1.0
fiqa,6985,0.0,1.0
fiqa,7068,0.5,1.0
fiqa,7080,0.22,0.9197207891481876
fiqa,7098,0.0,0.3532053820772806
fiqa,7105,0.52,1.0
fiqa,7124,0.0,0.6816587806335841
fiqa,7141,0.0,0.3065735963827292
fiqa,7145,0.0,0.24833145093881862
fiqa,715,0.0,0.0
fiqa,7206,0.0,0.0
fiqa,7218,0.0,0.5
fiqa,7269,0.0,0.38685280723454163
fiqa,7279,0.0,0.8852970694586624
fiqa,7295,0.0,0.0
fiqa,7311,0.0,0.0
fiqa,7329,0.0,0.6131471927654584
fiqa,744,0.0,0.46927872602275644
fiqa,7448,0.0,1.0
fiqa,7456,0.9400000000000001,0.17219543379409813
fiqa,7463,0.52,0.48074667499941126
fiqa,7467,0.0,1.0
fiqa,7484,0.0,1.0
fiqa,7512,0.0,0.0
fiqa,7529,0.81,0.6131471927654584
fiqa,753,0.35000000000000003,0.6131471927654584
fiqa,7533,0.0,0.10466868931043802
fiqa,7534,0.0,0.3861640545395028
fiqa,7592,0.86,0.2
fiqa,7702,0.09,0.7977228895450266
fiqa,7705,0.2,0.617319681505689
fiqa,7734,0.0,0.7451812540517537
fiqa,7758,0.55,1.0
fiqa,776,0.25,0.46354372727070625
fiqa,7801,0.47000000000000003,1.0
fiqa,7803,0.45,0.29883111410551816
fiqa,7823,0.16,0.7608077965887771
fiqa,7879,0.0,0.0
fiqa,7925,0.74,0.14570685159020724
fiqa,7928,0.27,0.39313277108701045
fiqa,8002,0.55,0.6508205185601091
fiqa,8005,0.0,0.0
fiqa,8040,0.51,1.0
fiqa,8079,0.43,0.7405142627563598
fiqa,8116,0.16,0.8772153153380493
fiqa,8202,0.89,0.09905728133858463
fiqa,8275,0.0,0.5
fiqa,8296,0.0,1.0
fiqa,8332,0.02,0.5120955627935093
fiqa,8475,0.27,0.8730427934207714
fiqa,849,0.5700000000000001,0.20584683246043448
fiqa,8507,0.07,0.152198880640387
fiqa,8512,0.0,0.23540891336663824
fiqa,852,0.33,0.9674679834891693
fiqa,8537,0.0,1.0
fiqa,8539,0.0,0.19041021015491139
fiqa,859,0.0,0.38685280723454163
fiqa,8632,0.0,0.6131471927654584
fiqa,864,0.0,0.7751482523375255
fiqa,8789,0.0,0.7653606369886217
fiqa,879,0.0,1.0
fiqa,8832,0.0,1.0
fiqa,8834,0.0,0.5763596284234651
fiqa,885,0.0,0.16569576576522954
fiqa,8947,0.0,0.4938981472718651
fiqa,8959,0.0,0.38685280723454163
fiqa,8970,0.0,1.0
fiqa,8974,0.0,0.7269547345639102
fiqa,8982,0.0,0.20156796473906832
fiqa,9060,0.0,0.6131471927654584
fiqa,9088,0.0,0.0
fiqa,9115,0.56,0.4776237035032179
fiqa,9126,0.0,0.0
fiqa,932,0.72,0.4998489879376927
fiqa,9329,0.93,0.7201925328027818
fiqa,9381,0.0,0.3309208749312681
fiqa,9385,0.04,1.0
fiqa,94,0.0,0.5
fiqa,9403,0.0,0.0
fiqa,9548,0.0,0.18316925091363362
fiqa,9556,0.06,0.6309297535714575
fiqa,957,0.0,0.7050734540109476
fiqa,9598,0.13,0.6309297535714575
fiqa,9633,0.0,0.6131471927654584
fiqa,9643,0.0,0.43067655807339306
fiqa,9644,0.08,0.6309297535714575
fiqa,9646,0.0,0.8175295903539445
fiqa,9733,0.0,0.0
fiqa,9735,0.0,1.0
fiqa,98,0.0,0.6131471927654584
fiqa,9824,0.0,1.0
fiqa,9882,0.1,0.16999161628691403
fiqa,9925,0.67,0.8065735963827293
fiqa,9961,0.9400000000000001,1.0
scidocs,0210b3fe6f7173c86936b5dd9261bc0be0c45652,0.0,0.10209739512291163
scidocs,038ee3d9e0a739752f4a270548ab8c97ed024633,0.15,0.27407996554286684
scidocs,0553dbcc91c98d5e068f6532f0b071a7d219d67e,0.03,0.7227265726449519
scidocs,0588053b2cde6414e542c656023ade147397f597,0.0,0.05674156298757133
scidocs,063c6ae786c34d3722c6d9060df6339e246bbc3b,0.29,0.5178849394839046
scidocs,071f47b7bc5830643e31dbed82e0375bf9b26559,0.7000000000000001,0.7741116635928131
scidocs,08c970df2d62d4bc27e65e8c389a0227a41109a5,0.89,0.7469503786113338
scidocs,095923857403ebb1578ce82b085c97c75b522fa2,0.0,0.21398626473452756
scidocs,09b349399b8b696d365185ee3896dfae77af8ac5,0.47000000000000003,0.4371994911049732
scidocs,0a149bfc3080902dab96a0bfdfe1d4ab2ec0cc2a,0.87,0.09803928583135704
scidocs,0a40663fdcf7c5fb7cfc459693116c41309e7eca,0.0,0.0
scidocs,0bbdd4905f23994e0b5a0d91fc332b2af336f1e8,0.39,0.45857142117015354
scidocs,0ce72c74fed3bd81c9ceffa0f0c1954b88328e32,0.0,0.06250343848035038
scidocs,0cf7f818b313a7a16bb33960c6322199a2441e06,0.58,0.4953456595480589
scidocs,0f2c82218b1858e414df5d50171e97694c60e542,0.0,0.0
scidocs,0f5d0494c0ddaa32b5072dec141a9a79104d967b,0.0,0.05921175197246692
scidocs,0f990cb8bbd3767350842b0975b4b32a600f41e1,0.97,0.1947700979273153
scidocs,100636ca50edf63d4336bb071f3e172cb0ebccaa,0.0,0.0
scidocs,103f982d2a3a9b7335b76d8c7112d1b6fcf0f2bb,0.5700000000000001,0.14680429649757665
scidocs,1134105faa6a16969fede23d16f0c0df129c5888,0.98,0.4009171749748422
scidocs,124c0c016c8b938139afeb40d011070e3604268e,0.0,0.0
scidocs,14ee77995be77780bdba07fa7f1613fb5ad09409,0.88,0.16958010263680806
scidocs,1571f50f52761a7a3537f12a88be487e5a0e7ad4,0.0,0.0
scidocs,16a8e0646724f730eb52216f9bc1284ddb630fd6,0.8,0.3933556889166466
scidocs,177f06f0b11a911317f500b455adeeadf9d48e00,0.6900000000000001,0.4222877159057718
scidocs,191e9300845097e1e8eb9696db458efc968baee1,0.14,0.43988312114713385
scidocs,195a5a538eacb89dcd4cf3fe2c0600ea61dbd15e,0.19,0.8051628502199797
scidocs,1978c3122a0401f6c3309f1ffd2f5baaf55a46d7,0.96,0.05533440115850036
scidocs,1a66df57f88e689438d505474eff73e3a9180c5b,0.0,0.0
scidocs,1b44df3232099b13e3aac7fc5811a946133d6db6,0.0,0.4737947261553257
scidocs,1bc5ea91875143e0526ac587b9c4aa6c64ceec98,0.0,0.15691231127295763
scidocs,1c0e8c3fb143eb5eb5af3026eae7257255fcf814,0.47000000000000003,0.12815532340304342
scidocs,1c454ae4e1bbc600791f3a4796fdb6b1ee2ca016,0.0,0.21398626473452756
scidocs,1d8465c3f5aee1b7a790f6eeb44637343861ba47,0.0,0.44615333764087994
scidocs,1e022ba4791c906fef6013777be2ae3f4017a33e,0.0,0.0
scidocs,1e1c56608f9dca5281bd79c7dfbfb058aab25472,0.0,0.056316753775798256
scidocs,1e6bcda276bb1681125eb18ca4d62a44e94c25c9,0.0,0.0
scidocs,1e7021eb8e92066b972452a0ce5a54529ca4ba5a,0.5700000000000001,0.07721668828275381
scidocs,1eed0e731008236ddc956ffbbe9051e13d54f2ec,0.65,0.5953448237659873
scidocs,1f10c64bf2069062811209a27cc4ff7b65fa02e9,0.6900000000000001,0.21398626473452756
scidocs,1fd7fc06653723b05abe5f3d1de393ddcf6bdddb,0.48,0.16663038694989632
scidocs,1fdec82c846cb843a496e5edfec72787f34d308a,0.0,0.1470064713622228
scidocs,2011feb353fed560b0643dc9db6528317c643957,0.76,0.3391602052736161
scidocs,212d7af298a4bd9090b834293067d2f091a95cfc,0.0,0.17939639802506838
scidocs,222d908535d67563709bb72de7aed4739133ee3e,0.98,0.16772189304629184
scidocs,223bb68a9ca2df2d07335e2073fcc78b59e4edd7,0.93,0.06612234188543999
scidocs,23386571ed332e4a465c0a6fa899f310caa217c8,0.76,0.45033846876953015
scidocs,23ce229565447f22d5ef2b6d7cbd6d8003254ac2,0.0,0.0
scidocs,2468a43e935adcee0303ba39e348c2bc0c4379a7,0.25,0.5379237395601724
scidocs,2561aa198e3a7a0b507122f543acafa80481e1b9,0.99,0.11370310533409486
scidocs,25b1b8f72d025f23f61cf6c94749c86a7e2449a3,0.98,0.6570050287301386
scidocs,25e6ff6c5b3b03a3be4edaa55f5d8fa25ab920ee,0.9500000000000001,0.3272548672433706
scidocs,26b90ccf7541fd2cd4235118493e1e49d358c351,0.23,0.05921175197246692
scidocs,26ebc1b9e21db68d5abf01acd2a0c38d260c65a1,0.04,0.1973419828918342
scidocs,271a4077c037b86fb7daf6bff3e66682322ff7d7,0.0,0.0
scidocs,2747421989619d293c05b0b82a547009128ebadb,0.87,0.3952717358217952
scidocs,28115e594c25c99a253557ae96290a9e0d60d3e3,1.0,0.05718685316335169
scidocs,29373c5bb0d60320844905916aec09d64c24cd79,0.14,0.2583061395449272
scidocs,2a8bcf35e6b5b3910eea160b3a1fb3e6bcb3966e,0.0,0.055714542185846684
scidocs,2ad9703a6e039258bc306e46c7eed1208a61f4aa,0.98,0.20725965896531537
scidocs,2b234385356cb10d448908cef49584bece15d94b,0.0,0.059698817733095176
scidocs,2b26645a12e3a11f53ae4d31798f1009376962db,0.9500000000000001,0.05250619950756077
scidocs,2c9466f3849cc3b25eb00db90d146cd0c26bdef4,0.0,0.0
scidocs,2dbe49d7c9a65656cd46d22ea07dc317b26482b6,0.0,0.12096537714703766
scidocs,2dd5f1d69e0e8a95a10f3f07f2c0c7fa172994b3,0.0,0.5198945034201835
scidocs,2e08d3ec08069ef41059cc3da6bc4d390eaf6e01,0.0,0.6801514530515016
scidocs,3131776d3b838e3a22ed9ccd7b7b92a41410df28,0.96,0.8257388535947107
scidocs,313b369196df6026a97016327f8e4eebaf1a0176,0.5,0.5858977835941936
scidocs,3159c9423862b22c6326801ad4353ae2cfe30d32,0.1,0.3391602052736161
scidocs,33812e0c6b8fdc5e414c5eae760e574e5a81190a,0.6900000000000001,0.27538870902171453
scidocs,35414f51bec4795a0f417aa1fdbb35322d80c9b7,0.44,0.3810056562750912
scidocs,3547ac839d02f6efe3f6f76a8289738a22528442,0.0,0.05428363317977833
scidocs,3565d884735ead613a5aa0903f06a2cc86d05b6b,0.5700000000000001,0.9223908277967705
scidocs,36279b9053b8b28759a94eaa428d5e0b6dec4246,0.0,0.32370718484565025
scidocs,37fefbdf740577306928ff2f0c810fb3a96183b2,0.1,0.5817744828317774
scidocs,38526532f66d5bcd7b47cea0ed9642b9b232d50f,0.0,0.0
scidocs,387dd9f50cf0af914cf39ecef3b72aca2c3476c1,0.88,0.15990926880720982
scidocs,39959bc480d2972d8bb925708e6e8ad59664bcdb,0.0,0.46927872602275644
scidocs,39d428fd8c6b73ed070921a856f03c2c5b5377ba,0.74,0.13458151952491687
scidocs,3ad8328b066bedca77c858a399a77521563d5c99,0.0,0.21384902299916295
scidocs,3b1cd78a7b49711729f3c58ec6d69bac9bf6e51e,0.0,0.0
scidocs,3b9ba3d40d8f1b4efd53dd81439d3a5dd4ee0629,0.06,0.3817707943649545
scidocs,3bd2086d011089b43409b9c772f0f7ec93d1bb9e,0.06,0.19270534071106696
scidocs,3ca983d40b9de7dc12b989fce213b4abee652c9e,0.14,0.09803928583135704
scidocs,3d11a9a90bce358afd228590ab5158a268031bb9,0.0,0.19584478680360176
scidocs,3d9180d48a6c19eb59f5ba6cef378720758b2ed3,0.1,0.46740585446711447
scidocs,3dcc819e642beafccd3f6bffa434767d1a818eb1,0.0,0.3391602052736161
scidocs,3fc4e13ef5ebe962075a62b50b34077bb9425aa2,0.8300000000000001,0.42597098150954243
scidocs,40c3f90f0abf842ee6f6009c414fde4f86b82005,0.0,0.16958010263680806
scidocs,40c6b953b5c04b3df4164cd487c4bc00cf0e487d,0.79,0.28148928513316157
scidocs,419794ac69424b3cd66127c909dde325fe88c463,0.0,0.2653748532482545
scidocs,41c98c3080159ea3fbef043358fccd5b2576fa6e,0.24,0.642696974250759
scidocs,431bbc47ce90f5e0eb8388fa80b0cc4d7c26ab76,0.0,0.6220001113525335
scidocs,435a709ae1d1b0bbdcacbd3965a05d56c14e752c,0.0,0.4502215986156478
scidocs,43bb00f852d1d24dec35c927328c17fb01a54295,0.9500000000000001,0.2494782541680902
scidocs,43da9037d50745002195abb864243ecc75d4b040,0.0,0.0
scidocs,43dd67cf1630eeac917c0dcd8e80425a6b93d38d,0.0,0.05224397413819615
scidocs,444a9101305d25dad8b28f466bf060ee98d922c1,0.51,0.3391602052736161
scidocs,45191391555865feed98e04dde63358dd1111839,0.96,0.6082304300102561
scidocs,45e4ed3f616b6177beff78721aaae0a61506be05,0.87,0.5531464700081437
scidocs,47c7c17b7df3732af69d2702929a65a05c1d3d3f,0.0,0.0
scidocs,47fc2c3e290e05fe9d41441b0270f88f6a8543d8,0.39,0.13633924503196868
scidocs,490ec36471275164d104f155ef7ebbc70c5f7eea,0.0,0.21371305601873372
scidocs,498aad3cb4d2b8e8ff1e68a40be7dec27e8139f4,0.87,0.7496812513391778
scidocs,4b450424be82fccb46a97bdad24a44f547d604d9,0.0,0.3456618187665457
scidocs,4cacc809d92fd0c84d5b4b63d790dece998e0e6d,0.0,0.0
scidocs,4fb07b6ff97ebfb80a7c18b0c55ebd32db84cd54,0.6,0.549138162746609
scidocs,5157dde17a69f12c51186ffc20a0a6c6847f1a29,0.0,0.0
scidocs,522bf872909305bd360493ea2b4664a31358a092,0.99,0.1829715950140393
scidocs,522ef548c054fd03109ff1886d243a11ce6d1e2a,0.0,0.4542680731654894
scidocs,546b3592f59b3445ef12fba506b729c832198c33,0.74,0.07397229644086958
scidocs,54745a3e51fdeeef213bcdfd1091e98a8f06bdd7,0.25,0.5467944134862571
scidocs,566c89a1ace18f57ac3212e6d62634b501990b31,0.0,0.24980342803923436
scidocs,566e31a4ad34b39b6d8a1953d77d9f74da135a2a,0.23,0.7756199604526248
scidocs,573dc953636d90aeb4981e880c4bc0bad7f6cf64,0.22,0.6757004668926277
scidocs,57ad8dfb71589360810da83efce67b4cab2ff380,0.47000000000000003,0.19722869989030173
scidocs,580836f616cbba088996643634363a85e91cccee,0.52,0.43376655198028047
scidocs,58f1999f18a0ac1366cbd47dd409cc1df624132b,0.0,0.0
scidocs,5a4b138603821d758d5e51c8f8fb0ff1696901d7,0.21,0.6433261207297096
scidocs,5a4b46ef8898610ab16a1ced6f4a976db0f1962c,0.8,0.062123720739682475
scidocs,5a7957cb601a02bb7f4f3f65fcdb18df093ae4a8,0.39,0.2777150861741555
scidocs,5d3bae2e2d5102187a4abfb3d89da5ad00745f18,0.98,0.5811353960249592
scidocs,6079719b677d0abda12abcd5cd46582ca91585ad,0.0,0.0
scidocs,6097c33a382c62a44379926ee96b23b51dba49c4,0.29,0.6672311669384257
scidocs,62abbb01f6b7d15b671551824f87931be409b2c2,0.46,0.5426462776530774
scidocs,6374d969a99cf8da935377750f09f61875c81173,0.0,0.05611153054817913
scidocs,639910e5fa8d6f096a282847ca3e820550bbbe8e,0.0,0.0
scidocs,63e1dffc19c3b4e99ae22ec60d10eaaafd608bcb,0.75,0.2826335043946801
scidocs,648678f1edab0d2139958070744b826d2b24c79e,0.0,0.6843515475204855
scidocs,64abfbc0b66ec8579a92a33dca19e92bc2095ea2,0.62,0.3692044004018831
scidocs,64da1980714cfc130632c5b92b9d98c2f6763de6,0.0,0.0
scidocs,64ddfb947878347a30610b6ca2314fe2bac96a4a,0.65,0.15101961822780524
scidocs,65a858ca95dcfa032e812a7f1fc7ee5bdac88f5b,0.0,0.3975620439464018
scidocs,665d50db7006e2595c7d55687fed7329192bd71e,0.27,0.36898709291240817
scidocs,6745710034803993433dd42001a860d70c99f75c,0.16,0.3391602052736161
scidocs,689f8d21021c0c9b9678d5a7903f9e9442380113,0.89,0.4610565667295613
scidocs,6930ea33403a3518080e819d138047a80618a075,0.0,0.06330507011061545
scidocs,6b0be5fc8199da9fe7821eca3617d8977056d03e,0.96,0.10699313236726378
scidocs,6b6afc9557dc0670bf2792bde4c4389ac52c707f,0.0,0.0
scidocs,6bb5d79e3f255f091f110e7c6952076f2fd27da5,0.62,0.68727143856859
scidocs,6c442b5493a17926a9fa22e85a1f7a70b2f03230,0.0,0.48548460367350377
scidocs,6cdbbced12bff53bcbdde3cdb6d20b4bd02a9d6c,0.81,0.5531464700081437
scidocs,6d3857fe3e62a400768fb6f51366add5f9ea4889,0.0,0.50816124841554
scidocs,6ec004e4c1171c4c4858eec7c927f567684b80bc,0.0,0.12162593745207587
scidocs,6ef12473fa99cc47f4f4bfad4b0df0d6149b3a6b,0.0,0.23819820987960558
scidocs,6f3b604e98cf705c73c8685aae6c0e911a22a26b,0.44,0.642226740226378
scidocs,703099734f70f0cc00773ee54b4385f89afa7afe,0.02,0.2346848615182936
scidocs,71ac664ca2cbc5c463da3ed07a1573f88e2e28f0,0.0,0.0
scidocs,725bba18d41a6dedeeef01fd8e306aa5bd2a3f6b,0.0,0.0
scidocs,725ed843566051638d023ebfdb0311def12cba2a,0.7000000000000001,0.5306878893025945
scidocs,725f8182eac9bd6f9fa428ba90f43cbce891ac78,0.47000000000000003,0.43376655198028047
scidocs,73f38c530a041f81d48cadd067246af448a6a24e,0.0,0.05533440115850036
scidocs,7445178858159988f2b17aa21376e13767fce5a6,0.9400000000000001,0.06140244428718695
scidocs,7492683af60d02dbd658acdc61249571f8c20fc8,0.98,0.06140244428718695
scidocs,74c472360ec199703b5e460308bf5ed29e38f67b,0.0,0.9896062251871525
scidocs,74ff6bd7f70bb2fe17016ded5104614c001f0cef,0.0,0.5143508315329828
scidocs,756bf25afe8e6ca92ba1795bcb5fb4e93d8ed6b2,0.0,0.0
scidocs,763490c13a138523b98e7646ef0fa81d6b5e5a22,0.0,0.0
scidocs,76477dc79100674de60478d1dea4c6cff301e01b,0.31,0.5057353137496473
scidocs,7740048416e8f39c3d6eb4f3ee02ca2dfd3590bb,0.18,0.854105797972385
scidocs,775883af6c684bde676a178c7709d806abfcf2ca,0.11,0.27069983410995346
scidocs,77b47c27f82bf9998fa49a5c4c670d96d43164d0,0.06,0.398094494631334
scidocs,78495383450e02c5fe817e408726134b3084905d,0.0,0.3391602052736161
scidocs,78878e95797e03d4968b09f40979585b6c56dac3,0.0,0.22610680351574408
scidocs,78c12d64baeef87727fa53666bfb2c2709fe1260,0.0,0.05428363317977833
scidocs,78ed1c69f4f5f5b56cbb9432ee06a2cf71d162e2,0.0,0.06911917000496234
scidocs,79729be88ecf76e5e964ffb25e8bc3b396feacb4,0.0,0.0
scidocs,7a59595f1859b72761b34892be8b6dc43f71d01e,0.92,0.22904407792782547
scidocs,7aa39159fa794181ee07e4c6aab3990f358d08f1,0.99,0.4479749467958749
scidocs,7ac01e727c60f0c64e00c7207d432ff2138d7b3f,0.39,0.11665123631762672
scidocs,7b6652910c5cc0df9ff6bc91912a02e58a742d26,0.0,0.3545549917905778
scidocs,7b85c1bf03097a77cb1d36f6f6338d95a6aff428,0.0,0.0
scidocs,7c88a0f765ce3c9025345cf133251cb947fe6ee5,0.08,0.35184573853190976
scidocs,7c8a65bb8e328d8c5bbd352ed4baadc82144dd8b,0.0,0.48070548841249156
scidocs,7dcb308b9292a8bc87d6f7793d2ca5e0e19dfa40,0.36,0.15280909165786236
scidocs,7ddc47d09d89a89c6a1c7643895a173aba07173f,0.9400000000000001,0.05277719145098288
scidocs,7e7f843b9638ee9dc321fcd348ea2185b9126854,0.9400000000000001,0.5684311685983091
scidocs,7ff20fc82c95eda6645ff2570279251bb8435ec5,0.29,0.5113908329189498
scidocs,7ffd6b7c27558400bfe609161b158d6a34b62f62,0.0,0.0
scidocs,802f3f316f87c6bc675cc55a2a1bf4bb0f12dd1e,0.0,0.058146168443085795
scidocs,804840bb733a459d01db7c4e72aeb5373b48da99,0.8300000000000001,0.6937846499860143
scidocs,80a720a4d5a6d07be98abe3caade59b36691e01c,0.0,0.0
scidocs,81000545a7e8663e8c18f2a4a6c2321fc7215cb3,0.0,0.5573835503106329
scidocs,81b14341e3e063d819d032b6ce0bc0be0917c867,0.0,0.05264056800934874
scidocs,81da438cb67600f6cb2920021e2327bb4c1d482d,0.96,0.06416923277158361
scidocs,81efd70fcc216b6528d48efa758671d9862b21c3,0.62,0.4703652827859579
scidocs,83591848730f3fc7f208d4646ed4338c237bd161,0.58,0.8687949224876582
scidocs,8407184b67114cbdddfec1bded6bf5a35eb8cb82,0.8300000000000001,0.5413063533615299
scidocs,849534526c074568abbfd6daf45c3532b0a18133,0.0,0.0
scidocs,8562ce6da684928836a19277bcdbbca9bb8c27fe,0.49,0.2828712275698979
scidocs,85ed826a7feaa59c96c4ec71c6bdb17506b10820,0.63,0.5585978389243776
scidocs,86c925d1a737fe3d29fa5388ede48cf87700cb89,0.67,0.5531464700081437
scidocs,89bb989b6ec9fe52fcbcc94bf0923a14ed6bf245,0.67,0.3391602052736161
scidocs,8bb49c0658d7b7cff42c655a6d7e005372ad32ea,0.33,0.5067147577629569
scidocs,8c872ecd87945e71fcd9fa1b6cb1133cfe805bf2,0.98,0.06267320809766952
scidocs,8cc8ad35f409ca0c008d4ba0c666dc295348d7c1,0.99,0.22074045268440337
scidocs,8d949fb5f753296db787b2b2e10b86b4224545d5,0.9500000000000001,0.11987564069568964
scidocs,8f03f545ff791a70455ad4624208357e41dcfc0c,0.96,0.7091289257540561
scidocs,8f8e0e4eca7cbc30cddea7f92d1dc0293342e9bb,0.0,0.45221360703148816
scidocs,8ff6581f94c366e34c6f2d55806f7781194c33c8,0.0,0.1208113026994942
scidocs,9003fb79e7848ced3be975c3d87a9348a4b8d377,0.25,0.4879750624901271
scidocs,901c7f0cbf7701c66921c918e553d2ecfbb4df34,0.52,0.699750470189726
scidocs,93f6bd353aa3354f9669c1d93effa78f863c1fb4,0.0,0.23819820987960558
scidocs,93f6dd2c761fdeac0af6d2253d57834439d7794f,0.0,0.16351983324619979
scidocs,944776444c62932a5dd703a082f7ce53c4153d61,0.78,0.10699313236726378
scidocs,94d8056eb0f5c32efcf1498d9c6a9e396f239c06,0.92,0.5169330503196339
scidocs,9557be29d86add8994b7df670c15eaa872995a10,0.31,0.7908688477791831
scidocs,958ebc7e24012b419316489515f2c2f908773bd5,0.52,0.4674062678987385
scidocs,96dd2785bc42ea77a3afa65701d55212570a76ff,0.0,0.21398626473452756
scidocs,9700939818a450d1bff3a3a29d71ef116d3a6a12,0.56,0.4089752592258208
scidocs,98f2ae796c7702de12174428a945861379665beb,0.93,0.14606834984270645
scidocs,99838f4d4259f67f903f8f762841499513b0b511,0.87,0.7469385177900298
scidocs,9992dfb672e93683f21c571624a4e13d681d79b7,0.04,0.18105259903988843
scidocs,999c4ffe9ccf530e62c60fac1271a3787b2c20a9,0.11,0.4592007089620128
scidocs,9a7e12ef462e779263ee3f2dd415d2d21233f15d,0.0,0.45271231251564553
scidocs,9c4d7805f3724fb7b866950eaa0505952ff25fd0,0.78,0.05979103907531349
scidocs,9c7032664c6902c5a936697b9bbc01f6446c58fa,0.0,0.05461997784715835
scidocs,a11de72de4723edc3e8cffabac259cffa13ded1b,0.6,0.3973063737167019
scidocs,a29afef550bf4edbf3293a50ef3fdb785ff1e5a3,0.0,0.16958010263680806
scidocs,a3240d1ce2fcaf412f4b5d1562ddfa687061036b,0.0,0.4664889787682963
scidocs,a517b4c4aa5c6baf1a7f7bdf40a1058f5ae4a674,0.12,0.4770822539311467
scidocs,a59faa9c1a158316fdbc71f4c7152a5fee405b8a,0.0,0.0
scidocs,a5f27c9cc188c15c0a7e019d666bed767d3c34d9,0.0,0.07215499519431039
scidocs,a6e4beb28b345fce7470da122b4e45e2cd0dcd12,0.0,0.0
scidocs,a77e9f0bd205a7733431a6d1028f09f57f9f73b0,0.09,0.5531464700081437
scidocs,a829c1093eb4d78a198ebb9b4a33a8137b0359df,0.0,0.05174393283063186
scidocs,a83c2a8fce48665742be042a3183777417302155,0.1,0.8725205956728483
scidocs,a8a4cf29c7483f5eed5aa808df2225661506e1b4,0.44,0.2641864493434724
scidocs,ac24b99a5db633ce45f053287ca806157fff9663,0.0,0.0
scidocs,afa13588cd866ec23cc71d634becbd507ea61093,0.92,0.42597098150954243
scidocs,b0b69f570647dde42aaf9c521675877d79d658ba,0.24,0.5935303592288282
scidocs,b1d09732fae72001277f867522ae1b67a249975b,0.35000000000000003,0.7823908333518426
scidocs,b37225fc67e1aeeb7877c4691f9036ed5cc01efa,0.0,0.0
scidocs,b489d537d5523ab2351c866835a4d03194eb2414,0.71,0.5551553341043619
scidocs,b4c80fc4b140eb08a717a446824cacb77f319166,0.56,0.3333387494884482
scidocs,b66bcce42123af3d5384aa32f9b3f1721f7ae5fd,0.06,0.11336795968473103
scidocs,b769247a568e5f026b5b565781965801ff31fa54,0.93,0.6295516106099184
scidocs,b9220fdc68eaa6dce0c5944a769e3e531839055d,0.87,0.42049505066203574
scidocs,ba8e624dac40100f10162eaa3d4034904bc08f48,0.74,0.45384758128473585
scidocs,bbe8c5e53ca6e4db115afeaaad2be268f039f10d,0.0,0.0
scidocs,bd034b87414c58fc731c193fdd37f59b3db883fa,0.0,0.8666034052456593
scidocs,bdbefe44ceb31ed05d09c5d322fbdb149abf48e0,0.0,0.6129375090834572
scidocs,bdd6b6635cf5861fc9d914a6d2938fcb2daea7ef,0.7000000000000001,0.20545165920270825
scidocs,beac53e8074b4822943a3374ff5e9fed98a891b8,0.0,0.07605458145297357
scidocs,bfa86c945787324220dc59a34fe5a242af1ea068,0.91,0.2133940951047966
scidocs,c104626e93e0b8115b4673f63e10f69cdf97801c,0.05,0.303066534952762
scidocs,c1173b8d8efb8c2d989ce0e51fe21f6b0b8d1478,0.96,0.06911917000496234
scidocs,c2e57b2871fdfd06566820c5329815ac06f66197,0.98,0.06330507011061545
scidocs,c48caf1b6404e08cf4606508310c03e5df54d0f7,0.3,0.09803928583135704
scidocs,c5f0a4418c1025ea8a21f0f997dfe7e4ce176594,0.9500000000000001,0.25679802403830954
scidocs,c64c8f5f2803fbecd670b303387aa7074dd94997,0.0,0.4946052104557538
scidocs,c6d97883da23b07a2031ff65076670eeb11b59d6,0.0,0.0
scidocs,c8dfa1ad91f484702e0d5d80e63bbae071214142,0.58,0.6439160444495925
scidocs,c9dd5ae24520d8cdddfdf8ef6d5f925445e310d9,0.0,0.2969619928196466
scidocs,c9dee006f3b6b2b30e422ad2fd8abb86c751376d,0.0,0.9818483242455303
scidocs,ca37fc11108b20534ac0341c7b1e5da911f37d4d,0.0,0.0
scidocs,cab59587e4b2dd441198cd37e0038cace6b6531e,0.22,0.6739577727076379
scidocs,ccdc79b2aec687beef2cd3526cf47dd79b9ec220,0.06,0.4673788497659313
scidocs,cf2ddf35ac0acc96f3a668a882443929da6aae5e,0.0,0.26877945023556926
scidocs,cf9d4048d39c63d96433b6f45fb6a951b0308607,0.54,0.5612606017556476
scidocs,d145274d03a6374c77de64fb70602ddef393e4d9,0.74,0.4121943801949693
scidocs,d1c0cc34e1b6eaa8bdc2221d83377063be951196,0.0,0.0
scidocs,d27272027cd84341070fd4b7eb7e03dcb514d93f,0.8,0.38356636737133565
scidocs,d2848c5937377f00595493bb5cc83aa3b7340071,0.37,0.21398626473452756
scidocs,d2e6250e95af09fefbe638f1580420476a2ecaee,0.0,0.1431464054912834
scidocs,d2f8863857f6a26e917af5044189c02fff697e98,0.97,0.21398626473452756
scidocs,d4d19261e9047b54e14d38cd99cd0f27dc9d0926,0.99,0.11471859244858396
scidocs,d4dcbb547492ea63bb1dd2016f2ca1198225d78f,0.0,0.40399301465680554
scidocs,d535ec1a520ca6e29902fafa85b7ab81ad034c1d,0.96,0.2649248998548172
scidocs,d6be438df373dedf06d6c062596d4e40f59b022c,0.73,0.5087403079104241
scidocs,d6f71b84f703152a08226d1c7e61cab888380fb1,0.9,0.056316753775798256
scidocs,d7e3a93de209c0c5501b4932b9a7d81c89ed64e8,0.08,0.31738587242914135
scidocs,d8dea89f5c7fb15d5ba16d2edcd2933a25789ee6,0.78,0.21398626473452756
scidocs,daa9e3b88e01db5440b671af2d13c1ee974a8fcb,0.43,0.21398626473452756
scidocs,dc344ea8e993584b924522d95febaeb74de2ad30,0.0,0.6110675315444407
scidocs,ddbf21ca1de9617894b15d45787a27557f02a494,0.1,0.17219989121322107
scidocs,e0a8b67880070624ef8787a08bbbd5aa178d65ac,0.77,0.7815788912509809
scidocs,e0ec8e1a52f2c23561001a5e7fa1d30cb8222ff1,0.0,0.07303417492135322
scidocs,e2af314b238088588eebb94210535e31d5f647e1,0.0,0.05138858851372691
scidocs,e5adfc2f23602a5256e89b84615e1434e5375f0e,0.0,0.3391602052736161
scidocs,e642d6014a5762128a28f85dae2228826e682974,0.17,0.7437728266598426
scidocs,e66ab9039b49b6dd0ecce124a71f1044750107d2,0.0,0.0
scidocs,e76f37bc17b1b9f2fb4b5296c7282787729523a2,0.0,0.5253519904733022
scidocs,ea41155338edfcbf2891dbfc58698c34b03da068,0.0,0.0
scidocs,eb240f463fa57740986a92ee744c3ad75f8228e9,0.2,0.19420723814036261
scidocs,ebfe1e68abb1782a3d34df61f920375c8b2d6134,0.0,0.11414839550987521
scidocs,ed19aa4eb626c3fc5a64b858bae5f2cdd71e1193,0.28,0.1528324713323987
scidocs,ee61c9078be00a49aedb479ee468440b9086c32d,0.23,0.5627002922461616
scidocs,ee9596725d1db17f2b1e2207dd3ea260343bfe4f,0.98,0.7760551678305495
scidocs,f104a9ec7fd862090a6fa245941842f14e6d9f43,0.9400000000000001,0.28952498897767587
scidocs,f1256b20d202c73022d7a7f0151ba0010a074a06,0.41000000000000003,0.06372882143962796
scidocs,f14069aaa8b234dfafd3292863c0e610288fbc80,0.0,0.0
scidocs,fa21c85107516c7f0a341de27856d7ffe4a6c5d9,0.0,0.39207634171356215
scidocs,fa3894d83f83d7d05f54b2c87158dc7a2288dc1c,0.54,0.14606834984270645
scidocs,fa8042d025895e22af2d9df3ffb9f67438610fcc,0.31,0.8357799744028239
scidocs,fd48a7fd819ab193704a6283933f5a4883bcdd7d,0.0,0.3973063737167019
scidocs,fd65ca4e3ae95302f74bf863988cdb95d6a12824,0.97,0.15250346271911228
scidocs,fdf29d5dec6f929409e0bb340ae973a91680ad17,0.0,0.0
scidocs,fe76c167920898330a66e3f2509ff1cd41e231bc,0.34,0.40639527795995695
scidocs,feef5abe52b21ffc198a9f439ec49151c545ef12,0.0,0.3391602052736161
